osu file format v14

[General]
AudioFilename: audio.mp3
AudioLeadIn: 0
PreviewTime: 57485
Countdown: 1
SampleSet: Soft
StackLeniency: 0.7
Mode: 3
LetterboxInBreaks: 0
SpecialStyle: 0
WidescreenStoryboard: 1

[Editor]
DistanceSpacing: 0.9
BeatDivisor: 4
GridSize: 8
TimelineZoom: 2.399999

[Metadata]
Title:learn together
TitleUnicode:learn together
Artist:AiRI
ArtistUnicode:AiRI
Creator:drunkenstein
Version:drunk's Love commitmeNt+
Source:30歳の保健体育
Tags:30 sai no Hoken Taiiku Health and Physical Education for 30-Year-Olds Sanjussai no Hoken Taiiku anime ed ending ln stream jack long noodles lnmaster ezmmr tetty tet guest diff for dru drunk ur@n milktub
BeatmapID:1553187
BeatmapSetID:735874

[Difficulty]
HPDrainRate:8
CircleSize:4
OverallDifficulty:0
ApproachRate:5
SliderMultiplier:1.4
SliderTickRate:1

[Events]
//Background and Video events
0,0,"bg3.jpg",0,0
//Break Periods
2,168912,171112
//Storyboard Layer 0 (Background)
//Storyboard Layer 1 (Fail)
//Storyboard Layer 2 (Pass)
//Storyboard Layer 3 (Foreground)
//Storyboard Sound Samples

[TimingPoints]
712,300,4,2,0,10,1,0


[HitObjects]
192,192,712,5,0,0:0:0:0:
64,192,712,1,0,0:0:0:0:
448,192,712,128,0,1012:0:0:0:0:
320,192,862,1,0,0:0:0:0:
192,192,1012,1,0,0:0:0:0:
64,192,1012,1,0,0:0:0:0:
320,192,1012,128,0,1312:0:0:0:0:
448,192,1162,1,0,0:0:0:0:
64,192,1312,1,0,0:0:0:0:
192,192,1312,128,0,1612:0:0:0:0:
448,192,1312,1,0,0:0:0:0:
320,192,1462,1,0,0:0:0:0:
448,192,1612,1,0,0:0:0:0:
64,192,1612,128,0,1912:0:0:0:0:
320,192,1762,1,0,0:0:0:0:
448,192,1912,1,0,0:0:0:0:
192,192,1912,128,0,2212:0:0:0:0:
320,192,2062,1,0,0:0:0:0:
448,192,2212,1,0,0:0:0:0:
64,192,2212,1,0,0:0:0:0:
320,192,2212,128,0,2512:0:0:0:0:
192,192,2362,1,0,0:0:0:0:
64,192,2512,1,0,0:0:0:0:
448,192,2512,128,0,2812:0:0:0:0:
192,192,2662,1,0,0:0:0:0:
64,192,2812,128,0,3112:0:0:0:0:
320,192,2812,1,0,0:0:0:0:
448,192,3112,128,0,3412:0:0:0:0:
320,192,3112,1,0,0:0:0:0:
192,192,3112,1,0,0:0:0:0:
64,192,3262,1,0,0:0:0:0:
320,192,3412,128,0,3712:0:0:0:0:
192,192,3412,1,0,0:0:0:0:
64,192,3562,1,0,0:0:0:0:
64,192,3712,128,0,4012:0:0:0:0:
192,192,3712,1,0,0:0:0:0:
448,192,3712,1,0,0:0:0:0:
320,192,3862,1,0,0:0:0:0:
192,192,4012,128,0,4312:0:0:0:0:
448,192,4012,1,0,0:0:0:0:
320,192,4162,1,0,0:0:0:0:
64,192,4312,1,0,0:0:0:0:
448,192,4312,128,0,4612:0:0:0:0:
192,192,4462,1,0,0:0:0:0:
320,192,4612,128,0,4912:0:0:0:0:
64,192,4612,1,0,0:0:0:0:
192,192,4762,128,0,4912:0:0:0:0:
448,192,4762,1,0,0:0:0:0:
448,192,4912,1,0,0:0:0:0:
64,192,4912,1,0,0:0:0:0:
192,192,4987,1,0,0:0:0:0:
320,192,5062,1,0,0:0:0:0:
448,192,5062,1,0,0:0:0:0:
64,192,5137,1,0,0:0:0:0:
192,192,5212,1,0,0:0:0:0:
320,192,5212,1,0,0:0:0:0:
448,192,5287,1,0,0:0:0:0:
192,192,5362,1,0,0:0:0:0:
64,192,5362,1,0,0:0:0:0:
320,192,5362,1,0,0:0:0:0:
64,192,5512,1,0,0:0:0:0:
448,192,5512,128,0,5812:0:0:0:0:
320,192,5512,1,0,0:0:0:0:
192,192,5512,1,0,0:0:0:0:
320,192,5587,128,0,5737:0:0:0:0:
192,192,5662,1,0,0:0:0:0:
320,192,5812,128,0,6112:0:0:0:0:
64,192,5812,1,0,0:0:0:0:
448,192,5887,128,0,6037:0:0:0:0:
192,192,5962,1,0,0:0:0:0:
64,192,6112,1,0,0:0:0:0:
448,192,6112,128,0,6412:0:0:0:0:
320,192,6187,128,0,6337:0:0:0:0:
192,192,6262,1,0,0:0:0:0:
64,192,6412,1,0,0:0:0:0:
192,192,6412,128,0,6712:0:0:0:0:
320,192,6412,128,0,6712:0:0:0:0:
448,192,6712,1,0,0:0:0:0:
64,192,6712,128,0,7012:0:0:0:0:
192,192,6787,128,0,6937:0:0:0:0:
320,192,6862,1,0,0:0:0:0:
448,192,7012,1,0,0:0:0:0:
192,192,7012,128,0,7312:0:0:0:0:
64,192,7087,128,0,7237:0:0:0:0:
320,192,7162,1,0,0:0:0:0:
448,192,7312,1,0,0:0:0:0:
64,192,7312,128,0,7612:0:0:0:0:
192,192,7387,128,0,7537:0:0:0:0:
320,192,7462,1,0,0:0:0:0:
448,192,7612,1,0,0:0:0:0:
192,192,7612,128,0,7912:0:0:0:0:
64,192,7687,128,0,7837:0:0:0:0:
320,192,7762,1,0,0:0:0:0:
64,192,7912,1,0,0:0:0:0:
448,192,7912,128,0,8012:0:0:0:0:
320,192,7962,128,0,8062:0:0:0:0:
192,192,8012,128,0,8112:0:0:0:0:
64,192,8062,128,0,8162:0:0:0:0:
448,192,8062,1,0,0:0:0:0:
320,192,8137,1,0,0:0:0:0:
448,192,8212,1,0,0:0:0:0:
64,192,8212,128,0,8312:0:0:0:0:
192,192,8262,128,0,8362:0:0:0:0:
320,192,8312,128,0,8412:0:0:0:0:
448,192,8362,128,0,8462:0:0:0:0:
64,192,8362,1,0,0:0:0:0:
192,192,8437,1,0,0:0:0:0:
64,192,8512,1,0,0:0:0:0:
320,192,8512,1,0,0:0:0:0:
448,192,8512,1,0,0:0:0:0:
192,192,8662,1,0,0:0:0:0:
320,192,8662,1,0,0:0:0:0:
448,192,8662,1,0,0:0:0:0:
192,192,8812,1,0,0:0:0:0:
64,192,8812,1,0,0:0:0:0:
448,192,8812,1,0,0:0:0:0:
64,192,8962,128,0,9112:0:0:0:0:
192,192,8962,128,0,9112:0:0:0:0:
320,192,8962,128,0,9112:0:0:0:0:
448,192,8962,128,0,9112:0:0:0:0:
448,192,9262,1,0,0:0:0:0:
64,192,9412,1,0,0:0:0:0:
192,192,9430,1,0,0:0:0:0:
320,192,9468,1,0,0:0:0:0:
448,192,9487,1,0,0:0:0:0:
64,192,9505,1,0,0:0:0:0:
192,192,9524,1,0,0:0:0:0:
320,192,9562,1,0,0:0:0:0:
448,192,9580,1,0,0:0:0:0:
64,192,9599,1,0,0:0:0:0:
192,192,9618,1,0,0:0:0:0:
320,192,9655,1,0,0:0:0:0:
448,192,9674,1,0,0:0:0:0:
192,192,9712,1,0,0:0:0:0:
64,192,9712,1,0,0:0:0:0:
320,192,9787,1,0,0:0:0:0:
64,192,9862,128,0,10087:0:0:0:0:
192,192,9862,128,0,9937:0:0:0:0:
320,192,9862,128,0,9937:0:0:0:0:
448,192,9862,128,0,9937:0:0:0:0:
320,192,10012,128,0,10087:0:0:0:0:
448,192,10012,128,0,10087:0:0:0:0:
192,192,10012,128,0,10162:0:0:0:0:
320,192,10162,1,0,0:0:0:0:
64,192,10162,1,0,0:0:0:0:
448,192,10162,128,0,10612:0:0:0:0:
192,192,10237,1,0,0:0:0:0:
64,192,10312,1,0,0:0:0:0:
320,192,10387,1,0,0:0:0:0:
64,192,10462,1,0,0:0:0:0:
192,192,10537,1,0,0:0:0:0:
64,192,10612,128,0,10712:0:0:0:0:
320,192,10612,1,0,0:0:0:0:
192,192,10662,128,0,10762:0:0:0:0:
320,192,10712,128,0,10812:0:0:0:0:
448,192,10762,128,0,10862:0:0:0:0:
448,192,10912,128,0,11012:0:0:0:0:
192,192,10912,1,0,0:0:0:0:
64,192,10912,1,0,0:0:0:0:
320,192,10962,128,0,11062:0:0:0:0:
192,192,11012,128,0,11112:0:0:0:0:
64,192,11062,128,0,11162:0:0:0:0:
448,192,11137,1,0,0:0:0:0:
320,192,11212,1,0,0:0:0:0:
64,192,11212,1,0,0:0:0:0:
192,192,11287,1,0,0:0:0:0:
64,192,11362,128,0,11812:0:0:0:0:
448,192,11362,1,0,0:0:0:0:
320,192,11362,1,0,0:0:0:0:
192,192,11437,1,0,0:0:0:0:
320,192,11512,1,0,0:0:0:0:
448,192,11587,1,0,0:0:0:0:
192,192,11662,1,0,0:0:0:0:
320,192,11737,1,0,0:0:0:0:
448,192,11812,128,0,11912:0:0:0:0:
192,192,11812,1,0,0:0:0:0:
320,192,11862,128,0,11962:0:0:0:0:
192,192,11912,128,0,12012:0:0:0:0:
64,192,11962,128,0,12062:0:0:0:0:
320,192,12112,1,0,0:0:0:0:
448,192,12112,1,0,0:0:0:0:
64,192,12112,128,0,12212:0:0:0:0:
192,192,12162,128,0,12262:0:0:0:0:
320,192,12212,128,0,12312:0:0:0:0:
448,192,12262,128,0,12362:0:0:0:0:
192,192,12337,1,0,0:0:0:0:
320,192,12412,1,0,0:0:0:0:
448,192,12412,1,0,0:0:0:0:
64,192,12412,1,0,0:0:0:0:
64,192,12562,1,0,0:0:0:0:
192,192,12562,1,0,0:0:0:0:
448,192,12562,128,0,13012:0:0:0:0:
320,192,12637,1,0,0:0:0:0:
192,192,12712,1,0,0:0:0:0:
320,192,12787,1,0,0:0:0:0:
64,192,12862,1,0,0:0:0:0:
192,192,12937,1,0,0:0:0:0:
64,192,13012,128,0,13112:0:0:0:0:
192,192,13062,128,0,13162:0:0:0:0:
320,192,13112,128,0,13212:0:0:0:0:
448,192,13162,128,0,13262:0:0:0:0:
64,192,13162,1,0,0:0:0:0:
192,192,13212,1,0,0:0:0:0:
320,192,13262,1,0,0:0:0:0:
448,192,13312,128,0,13412:0:0:0:0:
64,192,13312,1,0,0:0:0:0:
320,192,13362,128,0,13462:0:0:0:0:
192,192,13412,128,0,13512:0:0:0:0:
64,192,13462,128,0,13562:0:0:0:0:
448,192,13462,1,0,0:0:0:0:
320,192,13512,1,0,0:0:0:0:
192,192,13562,1,0,0:0:0:0:
64,192,13612,1,0,0:0:0:0:
448,192,13612,1,0,0:0:0:0:
320,192,13687,1,0,0:0:0:0:
64,192,13762,1,0,0:0:0:0:
192,192,13762,1,0,0:0:0:0:
320,192,13837,1,0,0:0:0:0:
448,192,13912,1,0,0:0:0:0:
64,192,13912,1,0,0:0:0:0:
192,192,13987,1,0,0:0:0:0:
320,192,14062,1,0,0:0:0:0:
448,192,14062,1,0,0:0:0:0:
192,192,14137,1,0,0:0:0:0:
448,192,14212,128,0,14312:0:0:0:0:
64,192,14212,1,0,0:0:0:0:
320,192,14262,128,0,14362:0:0:0:0:
192,192,14312,128,0,14412:0:0:0:0:
64,192,14362,128,0,14462:0:0:0:0:
448,192,14362,1,0,0:0:0:0:
320,192,14412,1,0,0:0:0:0:
192,192,14462,1,0,0:0:0:0:
64,192,14512,128,0,14612:0:0:0:0:
448,192,14512,1,0,0:0:0:0:
192,192,14562,128,0,14662:0:0:0:0:
320,192,14612,128,0,14712:0:0:0:0:
448,192,14662,128,0,14762:0:0:0:0:
64,192,14662,1,0,0:0:0:0:
192,192,14712,1,0,0:0:0:0:
320,192,14762,1,0,0:0:0:0:
448,192,14812,1,0,0:0:0:0:
64,192,14812,1,0,0:0:0:0:
192,192,14887,1,0,0:0:0:0:
320,192,14887,1,0,0:0:0:0:
448,192,14962,1,0,0:0:0:0:
64,192,14962,1,0,0:0:0:0:
192,192,15037,1,0,0:0:0:0:
320,192,15037,1,0,0:0:0:0:
448,192,15112,128,0,15262:0:0:0:0:
64,192,15112,128,0,15187:0:0:0:0:
192,192,15187,1,0,0:0:0:0:
64,192,15262,1,0,0:0:0:0:
320,192,15262,1,0,0:0:0:0:
448,192,15337,1,0,0:0:0:0:
64,192,15412,128,0,15512:0:0:0:0:
192,192,15462,128,0,15562:0:0:0:0:
320,192,15512,128,0,15612:0:0:0:0:
448,192,15562,128,0,15662:0:0:0:0:
64,192,15562,128,0,15812:0:0:0:0:
192,192,15612,128,0,15762:0:0:0:0:
320,192,15662,128,0,15712:0:0:0:0:
448,192,15712,128,0,15812:0:0:0:0:
320,192,15762,128,0,15862:0:0:0:0:
192,192,15812,128,0,15912:0:0:0:0:
448,192,15862,1,0,0:0:0:0:
64,192,15862,128,0,15962:0:0:0:0:
320,192,15937,1,0,0:0:0:0:
192,192,16012,128,0,16087:0:0:0:0:
64,192,16012,128,0,16087:0:0:0:0:
448,192,16012,128,0,16087:0:0:0:0:
320,192,16087,1,0,0:0:0:0:
64,192,16162,128,0,16237:0:0:0:0:
448,192,16162,128,0,16237:0:0:0:0:
192,192,16162,128,0,16237:0:0:0:0:
320,192,16237,1,0,0:0:0:0:
448,192,16312,1,0,0:0:0:0:
64,192,16312,1,0,0:0:0:0:
192,192,16387,1,0,0:0:0:0:
64,192,16462,1,0,0:0:0:0:
448,192,16462,128,0,16562:0:0:0:0:
320,192,16512,128,0,16612:0:0:0:0:
192,192,16562,128,0,16662:0:0:0:0:
64,192,16612,128,0,16712:0:0:0:0:
448,192,16612,128,0,16862:0:0:0:0:
320,192,16662,128,0,16812:0:0:0:0:
192,192,16712,128,0,16762:0:0:0:0:
64,192,16762,128,0,16862:0:0:0:0:
192,192,16812,128,0,16912:0:0:0:0:
320,192,16862,128,0,16962:0:0:0:0:
448,192,16912,128,0,17012:0:0:0:0:
64,192,16912,128,0,16987:0:0:0:0:
192,192,16987,128,0,17062:0:0:0:0:
64,192,17062,1,0,0:0:0:0:
320,192,17062,128,0,17137:0:0:0:0:
192,192,17137,1,0,0:0:0:0:
448,192,17137,128,0,17212:0:0:0:0:
320,192,17212,1,0,0:0:0:0:
64,192,17212,1,0,0:0:0:0:
192,192,17287,1,0,0:0:0:0:
320,192,17362,1,0,0:0:0:0:
448,192,17437,1,0,0:0:0:0:
64,192,17512,1,0,0:0:0:0:
192,192,17512,1,0,0:0:0:0:
320,192,17512,1,0,0:0:0:0:
192,192,17887,1,0,0:0:0:0:
320,192,17962,1,0,0:0:0:0:
448,192,17962,1,0,0:0:0:0:
64,192,17962,1,0,0:0:0:0:
320,192,18337,1,0,0:0:0:0:
192,192,18412,1,0,0:0:0:0:
64,192,18412,1,0,0:0:0:0:
448,192,18412,128,0,19462:0:0:0:0:
192,192,19462,1,0,0:0:0:0:
320,192,19462,1,0,0:0:0:0:
320,192,19612,1,0,0:0:0:0:
192,192,19612,1,0,0:0:0:0:
448,192,19612,1,0,0:0:0:0:
64,192,19612,1,0,0:0:0:0:
448,192,19912,1,0,0:0:0:0:
320,192,19912,1,0,0:0:0:0:
192,192,19912,1,0,0:0:0:0:
64,192,19912,128,0,20362:0:0:0:0:
320,192,20212,1,0,0:0:0:0:
448,192,20212,1,0,0:0:0:0:
192,192,20362,128,0,20812:0:0:0:0:
320,192,20812,1,0,0:0:0:0:
448,192,20812,1,0,0:0:0:0:
64,192,20812,128,0,20962:0:0:0:0:
192,192,20962,128,0,21112:0:0:0:0:
320,192,21112,128,0,21562:0:0:0:0:
192,192,21412,1,0,0:0:0:0:
64,192,21412,1,0,0:0:0:0:
448,192,21562,128,0,21862:0:0:0:0:
320,192,21862,128,0,22012:0:0:0:0:
64,192,22012,1,0,0:0:0:0:
192,192,22012,128,0,22162:0:0:0:0:
448,192,22012,1,0,0:0:0:0:
64,192,22162,128,0,22312:0:0:0:0:
448,192,22312,128,0,22612:0:0:0:0:
64,192,22612,1,0,0:0:0:0:
192,192,22612,128,0,22762:0:0:0:0:
320,192,22612,1,0,0:0:0:0:
320,192,22762,128,0,23062:0:0:0:0:
448,192,23062,128,0,23362:0:0:0:0:
192,192,23212,1,0,0:0:0:0:
64,192,23212,1,0,0:0:0:0:
64,192,23362,1,0,0:0:0:0:
192,192,23437,1,0,0:0:0:0:
320,192,23512,1,0,0:0:0:0:
64,192,23512,1,0,0:0:0:0:
448,192,23662,1,0,0:0:0:0:
320,192,23737,1,0,0:0:0:0:
192,192,23812,1,0,0:0:0:0:
448,192,23812,1,0,0:0:0:0:
64,192,23812,1,0,0:0:0:0:
64,192,23962,1,0,0:0:0:0:
192,192,24037,1,0,0:0:0:0:
64,192,24112,1,0,0:0:0:0:
448,192,24112,1,0,0:0:0:0:
320,192,24112,1,0,0:0:0:0:
192,192,24187,1,0,0:0:0:0:
64,192,24262,1,0,0:0:0:0:
320,192,24262,1,0,0:0:0:0:
448,192,24337,1,0,0:0:0:0:
64,192,24412,128,0,24562:0:0:0:0:
192,192,24412,128,0,24487:0:0:0:0:
320,192,24412,128,0,24487:0:0:0:0:
448,192,24487,1,0,0:0:0:0:
320,192,24562,1,0,0:0:0:0:
192,192,24562,1,0,0:0:0:0:
64,192,24637,1,0,0:0:0:0:
320,192,24712,128,0,24787:0:0:0:0:
448,192,24712,128,0,24862:0:0:0:0:
192,192,24787,1,0,0:0:0:0:
320,192,24862,1,0,0:0:0:0:
64,192,24937,1,0,0:0:0:0:
192,192,25012,128,0,25087:0:0:0:0:
320,192,25012,128,0,25087:0:0:0:0:
448,192,25012,128,0,25162:0:0:0:0:
64,192,25087,1,0,0:0:0:0:
320,192,25162,128,0,25237:0:0:0:0:
192,192,25162,128,0,25312:0:0:0:0:
448,192,25237,1,0,0:0:0:0:
320,192,25312,1,0,0:0:0:0:
192,192,25387,1,0,0:0:0:0:
448,192,25462,128,0,25537:0:0:0:0:
64,192,25462,128,0,25612:0:0:0:0:
320,192,25537,1,0,0:0:0:0:
192,192,25612,1,0,0:0:0:0:
320,192,25687,1,0,0:0:0:0:
192,192,25762,128,0,25912:0:0:0:0:
64,192,25762,128,0,25837:0:0:0:0:
320,192,25837,1,0,0:0:0:0:
448,192,25912,1,0,0:0:0:0:
192,192,25987,1,0,0:0:0:0:
64,192,26062,128,0,26212:0:0:0:0:
320,192,26062,128,0,26137:0:0:0:0:
448,192,26137,1,0,0:0:0:0:
192,192,26212,1,0,0:0:0:0:
320,192,26287,1,0,0:0:0:0:
448,192,26362,128,0,26512:0:0:0:0:
64,192,26362,128,0,26437:0:0:0:0:
192,192,26437,1,0,0:0:0:0:
320,192,26512,1,0,0:0:0:0:
192,192,26587,1,0,0:0:0:0:
64,192,26662,1,0,0:0:0:0:
320,192,26662,128,0,26737:0:0:0:0:
448,192,26662,128,0,26737:0:0:0:0:
192,192,26737,1,0,0:0:0:0:
320,192,26812,128,0,26887:0:0:0:0:
448,192,26812,128,0,26887:0:0:0:0:
64,192,26887,1,0,0:0:0:0:
192,192,26962,128,0,27037:0:0:0:0:
320,192,26962,128,0,27037:0:0:0:0:
448,192,27037,1,0,0:0:0:0:
192,192,27112,128,0,27187:0:0:0:0:
64,192,27112,128,0,27187:0:0:0:0:
320,192,27187,1,0,0:0:0:0:
448,192,27262,1,0,0:0:0:0:
192,192,27337,1,0,0:0:0:0:
320,192,27412,128,0,27487:0:0:0:0:
64,192,27412,128,0,27562:0:0:0:0:
448,192,27487,1,0,0:0:0:0:
320,192,27562,128,0,27712:0:0:0:0:
192,192,27562,128,0,27637:0:0:0:0:
64,192,27637,1,0,0:0:0:0:
192,192,27712,1,0,0:0:0:0:
320,192,27787,1,0,0:0:0:0:
448,192,27862,128,0,28012:0:0:0:0:
64,192,27862,128,0,27937:0:0:0:0:
192,192,27937,1,0,0:0:0:0:
320,192,28012,1,0,0:0:0:0:
192,192,28087,1,0,0:0:0:0:
448,192,28162,128,0,28312:0:0:0:0:
64,192,28162,128,0,28237:0:0:0:0:
320,192,28237,1,0,0:0:0:0:
192,192,28312,128,0,28387:0:0:0:0:
64,192,28312,128,0,28462:0:0:0:0:
320,192,28387,1,0,0:0:0:0:
448,192,28462,1,0,0:0:0:0:
192,192,28537,1,0,0:0:0:0:
320,192,28612,1,0,0:0:0:0:
448,192,28612,1,0,0:0:0:0:
64,192,28612,1,0,0:0:0:0:
192,192,28687,1,0,0:0:0:0:
320,192,28762,1,0,0:0:0:0:
448,192,28762,1,0,0:0:0:0:
64,192,28837,1,0,0:0:0:0:
192,192,28912,1,0,0:0:0:0:
320,192,28912,1,0,0:0:0:0:
448,192,28912,1,0,0:0:0:0:
64,192,28987,1,0,0:0:0:0:
192,192,29062,1,0,0:0:0:0:
320,192,29062,1,0,0:0:0:0:
448,192,29137,1,0,0:0:0:0:
64,192,29212,1,0,0:0:0:0:
192,192,29212,1,0,0:0:0:0:
448,192,29287,1,0,0:0:0:0:
320,192,29287,1,0,0:0:0:0:
64,192,29362,1,0,0:0:0:0:
192,192,29362,1,0,0:0:0:0:
448,192,29437,1,0,0:0:0:0:
320,192,29437,1,0,0:0:0:0:
64,192,29512,1,0,0:0:0:0:
448,192,29512,128,0,29962:0:0:0:0:
192,192,29512,1,0,0:0:0:0:
320,192,29662,1,0,0:0:0:0:
192,192,29812,1,0,0:0:0:0:
64,192,29812,1,0,0:0:0:0:
64,192,29962,128,0,30412:0:0:0:0:
320,192,29962,1,0,0:0:0:0:
192,192,30112,1,0,0:0:0:0:
448,192,30112,1,0,0:0:0:0:
320,192,30262,1,0,0:0:0:0:
192,192,30412,128,0,30562:0:0:0:0:
448,192,30412,1,0,0:0:0:0:
320,192,30562,128,0,30712:0:0:0:0:
64,192,30562,1,0,0:0:0:0:
448,192,30712,128,0,31162:0:0:0:0:
192,192,30712,1,0,0:0:0:0:
64,192,30712,1,0,0:0:0:0:
64,192,30862,1,0,0:0:0:0:
192,192,31012,1,0,0:0:0:0:
320,192,31012,1,0,0:0:0:0:
192,192,31162,128,0,31462:0:0:0:0:
320,192,31162,1,0,0:0:0:0:
448,192,31312,1,0,0:0:0:0:
64,192,31312,1,0,0:0:0:0:
320,192,31462,128,0,31762:0:0:0:0:
448,192,31462,1,0,0:0:0:0:
192,192,31612,1,0,0:0:0:0:
64,192,31612,1,0,0:0:0:0:
448,192,31762,128,0,31912:0:0:0:0:
192,192,31762,1,0,0:0:0:0:
320,192,31912,1,0,0:0:0:0:
64,192,31912,128,0,32212:0:0:0:0:
192,192,32062,1,0,0:0:0:0:
320,192,32212,1,0,0:0:0:0:
448,192,32212,128,0,32362:0:0:0:0:
64,192,32362,1,0,0:0:0:0:
192,192,32362,128,0,32662:0:0:0:0:
320,192,32512,1,0,0:0:0:0:
448,192,32512,1,0,0:0:0:0:
320,192,32662,128,0,32962:0:0:0:0:
64,192,32662,1,0,0:0:0:0:
192,192,32812,1,0,0:0:0:0:
448,192,32812,1,0,0:0:0:0:
448,192,32962,128,0,33262:0:0:0:0:
64,192,32962,1,0,0:0:0:0:
320,192,33112,1,0,0:0:0:0:
64,192,33112,1,0,0:0:0:0:
320,192,33262,128,0,33562:0:0:0:0:
192,192,33262,1,0,0:0:0:0:
64,192,33412,1,0,0:0:0:0:
448,192,33412,1,0,0:0:0:0:
192,192,33562,128,0,33862:0:0:0:0:
64,192,33562,1,0,0:0:0:0:
320,192,33712,1,0,0:0:0:0:
448,192,33712,1,0,0:0:0:0:
64,192,33862,1,0,0:0:0:0:
448,192,33862,128,0,34012:0:0:0:0:
320,192,34012,128,0,34162:0:0:0:0:
192,192,34012,1,0,0:0:0:0:
448,192,34162,128,0,34312:0:0:0:0:
64,192,34162,1,0,0:0:0:0:
192,192,34312,1,0,0:0:0:0:
320,192,34312,1,0,0:0:0:0:
64,192,34312,128,0,34612:0:0:0:0:
192,192,34462,1,0,0:0:0:0:
448,192,34462,1,0,0:0:0:0:
448,192,34612,128,0,34762:0:0:0:0:
320,192,34612,1,0,0:0:0:0:
192,192,34612,1,0,0:0:0:0:
192,192,34762,128,0,35062:0:0:0:0:
320,192,34762,1,0,0:0:0:0:
64,192,34762,1,0,0:0:0:0:
448,192,34912,1,0,0:0:0:0:
320,192,34912,1,0,0:0:0:0:
64,192,35062,1,0,0:0:0:0:
448,192,35062,128,0,35362:0:0:0:0:
320,192,35062,1,0,0:0:0:0:
192,192,35212,1,0,0:0:0:0:
64,192,35212,1,0,0:0:0:0:
320,192,35362,1,0,0:0:0:0:
192,192,35362,1,0,0:0:0:0:
64,192,35362,128,0,35662:0:0:0:0:
320,192,35512,1,0,0:0:0:0:
448,192,35512,1,0,0:0:0:0:
192,192,35662,128,0,35962:0:0:0:0:
320,192,35662,1,0,0:0:0:0:
448,192,35812,1,0,0:0:0:0:
64,192,35812,1,0,0:0:0:0:
320,192,35962,128,0,36262:0:0:0:0:
448,192,35962,1,0,0:0:0:0:
192,192,36112,1,0,0:0:0:0:
448,192,36112,1,0,0:0:0:0:
64,192,36262,1,0,0:0:0:0:
448,192,36262,128,0,36412:0:0:0:0:
320,192,36412,128,0,36562:0:0:0:0:
192,192,36412,1,0,0:0:0:0:
192,192,36562,128,0,36712:0:0:0:0:
64,192,36562,1,0,0:0:0:0:
448,192,36562,1,0,0:0:0:0:
320,192,36712,1,0,0:0:0:0:
448,192,36712,1,0,0:0:0:0:
64,192,36712,128,0,37012:0:0:0:0:
192,192,36862,1,0,0:0:0:0:
320,192,37012,1,0,0:0:0:0:
448,192,37012,1,0,0:0:0:0:
192,192,37012,1,0,0:0:0:0:
448,192,37162,1,0,0:0:0:0:
192,192,37312,1,0,0:0:0:0:
64,192,37312,1,0,0:0:0:0:
320,192,37312,128,0,37462:0:0:0:0:
192,192,37462,128,0,37762:0:0:0:0:
448,192,37462,1,0,0:0:0:0:
320,192,37612,1,0,0:0:0:0:
64,192,37612,1,0,0:0:0:0:
448,192,37762,128,0,38212:0:0:0:0:
64,192,37762,1,0,0:0:0:0:
192,192,37912,1,0,0:0:0:0:
320,192,37912,1,0,0:0:0:0:
64,192,38062,1,0,0:0:0:0:
192,192,38212,1,0,0:0:0:0:
320,192,38212,128,0,38512:0:0:0:0:
64,192,38362,1,0,0:0:0:0:
448,192,38362,1,0,0:0:0:0:
192,192,38512,128,0,38812:0:0:0:0:
448,192,38512,1,0,0:0:0:0:
320,192,38662,1,0,0:0:0:0:
448,192,38812,1,0,0:0:0:0:
64,192,38812,1,0,0:0:0:0:
320,192,38887,1,0,0:0:0:0:
192,192,38887,1,0,0:0:0:0:
448,192,38962,1,0,0:0:0:0:
64,192,38962,1,0,0:0:0:0:
192,192,39037,1,0,0:0:0:0:
320,192,39037,1,0,0:0:0:0:
448,192,39112,1,0,0:0:0:0:
64,192,39112,1,0,0:0:0:0:
320,192,39112,1,0,0:0:0:0:
448,192,39262,1,0,0:0:0:0:
320,192,39412,1,0,0:0:0:0:
192,192,39412,1,0,0:0:0:0:
64,192,39412,1,0,0:0:0:0:
320,192,39562,1,0,0:0:0:0:
192,192,39712,1,0,0:0:0:0:
64,192,39712,1,0,0:0:0:0:
448,192,39712,1,0,0:0:0:0:
192,192,39862,1,0,0:0:0:0:
320,192,40012,1,0,0:0:0:0:
448,192,40012,1,0,0:0:0:0:
64,192,40012,1,0,0:0:0:0:
64,192,40162,1,0,0:0:0:0:
192,192,40312,1,0,0:0:0:0:
320,192,40312,1,0,0:0:0:0:
448,192,40312,1,0,0:0:0:0:
192,192,40462,1,0,0:0:0:0:
320,192,40612,1,0,0:0:0:0:
448,192,40612,1,0,0:0:0:0:
64,192,40612,1,0,0:0:0:0:
320,192,40762,1,0,0:0:0:0:
448,192,40912,1,0,0:0:0:0:
192,192,40912,1,0,0:0:0:0:
64,192,40912,1,0,0:0:0:0:
448,192,41062,1,0,0:0:0:0:
320,192,41212,1,0,0:0:0:0:
192,192,41212,1,0,0:0:0:0:
64,192,41212,1,0,0:0:0:0:
320,192,41362,1,0,0:0:0:0:
192,192,41362,1,0,0:0:0:0:
448,192,41362,1,0,0:0:0:0:
192,192,41512,1,0,0:0:0:0:
64,192,41512,1,0,0:0:0:0:
320,192,41512,1,0,0:0:0:0:
192,192,41662,1,0,0:0:0:0:
320,192,41812,1,0,0:0:0:0:
448,192,41812,1,0,0:0:0:0:
64,192,41812,1,0,0:0:0:0:
64,192,41962,1,0,0:0:0:0:
320,192,42112,1,0,0:0:0:0:
448,192,42112,1,0,0:0:0:0:
192,192,42112,1,0,0:0:0:0:
192,192,42262,1,0,0:0:0:0:
320,192,42412,1,0,0:0:0:0:
448,192,42412,1,0,0:0:0:0:
64,192,42412,1,0,0:0:0:0:
320,192,42562,1,0,0:0:0:0:
448,192,42712,1,0,0:0:0:0:
192,192,42712,1,0,0:0:0:0:
64,192,42712,1,0,0:0:0:0:
448,192,42862,1,0,0:0:0:0:
320,192,43012,1,0,0:0:0:0:
192,192,43012,1,0,0:0:0:0:
64,192,43012,1,0,0:0:0:0:
64,192,43162,1,0,0:0:0:0:
192,192,43312,1,0,0:0:0:0:
320,192,43312,1,0,0:0:0:0:
448,192,43312,1,0,0:0:0:0:
320,192,43462,1,0,0:0:0:0:
192,192,43612,1,0,0:0:0:0:
64,192,43612,1,0,0:0:0:0:
448,192,43612,1,0,0:0:0:0:
320,192,43762,1,0,0:0:0:0:
448,192,43762,1,0,0:0:0:0:
64,192,43762,1,0,0:0:0:0:
192,192,43912,1,0,0:0:0:0:
448,192,43912,1,0,0:0:0:0:
64,192,43912,128,0,44212:0:0:0:0:
320,192,44062,1,0,0:0:0:0:
192,192,44212,128,0,44287:0:0:0:0:
448,192,44212,128,0,44287:0:0:0:0:
320,192,44212,1,0,0:0:0:0:
448,192,44362,128,0,44812:0:0:0:0:
192,192,44362,128,0,44812:0:0:0:0:
64,192,44362,1,0,0:0:0:0:
320,192,44512,1,0,0:0:0:0:
64,192,44662,1,0,0:0:0:0:
64,192,44812,128,0,45112:0:0:0:0:
320,192,44812,1,0,0:0:0:0:
192,192,44962,1,0,0:0:0:0:
320,192,45112,1,0,0:0:0:0:
448,192,45112,128,0,45412:0:0:0:0:
192,192,45262,1,0,0:0:0:0:
320,192,45412,1,0,0:0:0:0:
64,192,45412,128,0,45712:0:0:0:0:
192,192,45562,1,0,0:0:0:0:
320,192,45712,128,0,46012:0:0:0:0:
448,192,45712,1,0,0:0:0:0:
192,192,45862,1,0,0:0:0:0:
64,192,46012,1,0,0:0:0:0:
448,192,46012,128,0,46312:0:0:0:0:
192,192,46162,1,0,0:0:0:0:
320,192,46312,1,0,0:0:0:0:
64,192,46312,128,0,46762:0:0:0:0:
192,192,46462,1,0,0:0:0:0:
320,192,46612,1,0,0:0:0:0:
448,192,46612,1,0,0:0:0:0:
192,192,46762,128,0,47212:0:0:0:0:
448,192,46762,1,0,0:0:0:0:
320,192,46912,1,0,0:0:0:0:
64,192,46912,1,0,0:0:0:0:
448,192,47062,1,0,0:0:0:0:
64,192,47212,1,0,0:0:0:0:
320,192,47212,128,0,47512:0:0:0:0:
192,192,47362,1,0,0:0:0:0:
64,192,47512,1,0,0:0:0:0:
448,192,47512,128,0,47662:0:0:0:0:
320,192,47587,128,0,47737:0:0:0:0:
192,192,47662,128,0,47812:0:0:0:0:
64,192,47737,128,0,47812:0:0:0:0:
320,192,47812,128,0,47887:0:0:0:0:
448,192,47812,128,0,47887:0:0:0:0:
192,192,47887,1,0,0:0:0:0:
320,192,47962,128,0,48037:0:0:0:0:
448,192,47962,128,0,48037:0:0:0:0:
64,192,47962,1,0,0:0:0:0:
192,192,48037,1,0,0:0:0:0:
448,192,48112,128,0,48262:0:0:0:0:
64,192,48112,128,0,48187:0:0:0:0:
320,192,48187,128,0,48337:0:0:0:0:
192,192,48262,128,0,48412:0:0:0:0:
64,192,48337,128,0,48412:0:0:0:0:
320,192,48412,1,0,0:0:0:0:
448,192,48412,128,0,48712:0:0:0:0:
320,192,48712,1,0,0:0:0:0:
64,192,48712,1,0,0:0:0:0:
192,192,48862,1,0,0:0:0:0:
320,192,49012,1,0,0:0:0:0:
448,192,49012,1,0,0:0:0:0:
64,192,49162,1,0,0:0:0:0:
192,192,49312,1,0,0:0:0:0:
320,192,49312,1,0,0:0:0:0:
448,192,49462,1,0,0:0:0:0:
64,192,49612,1,0,0:0:0:0:
320,192,49612,1,0,0:0:0:0:
192,192,49762,1,0,0:0:0:0:
448,192,49912,1,0,0:0:0:0:
64,192,49912,1,0,0:0:0:0:
320,192,50062,1,0,0:0:0:0:
448,192,50212,1,0,0:0:0:0:
192,192,50212,1,0,0:0:0:0:
64,192,50212,1,0,0:0:0:0:
320,192,50362,1,0,0:0:0:0:
448,192,50512,1,0,0:0:0:0:
64,192,50512,1,0,0:0:0:0:
192,192,50662,1,0,0:0:0:0:
320,192,50812,1,0,0:0:0:0:
448,192,50812,1,0,0:0:0:0:
192,192,50962,1,0,0:0:0:0:
320,192,51112,1,0,0:0:0:0:
64,192,51112,1,0,0:0:0:0:
192,192,51187,1,0,0:0:0:0:
448,192,51262,1,0,0:0:0:0:
320,192,51412,1,0,0:0:0:0:
192,192,51412,1,0,0:0:0:0:
64,192,51562,1,0,0:0:0:0:
192,192,51712,1,0,0:0:0:0:
448,192,51712,1,0,0:0:0:0:
320,192,51862,1,0,0:0:0:0:
448,192,52012,1,0,0:0:0:0:
64,192,52012,1,0,0:0:0:0:
192,192,52012,128,0,52312:0:0:0:0:
320,192,52012,1,0,0:0:0:0:
320,192,52162,1,0,0:0:0:0:
448,192,52312,1,0,0:0:0:0:
64,192,52312,1,0,0:0:0:0:
320,192,52312,128,0,52612:0:0:0:0:
192,192,52462,1,0,0:0:0:0:
64,192,52612,128,0,52912:0:0:0:0:
192,192,52612,1,0,0:0:0:0:
448,192,52612,1,0,0:0:0:0:
448,192,52762,1,0,0:0:0:0:
448,192,52912,128,0,53212:0:0:0:0:
192,192,52912,1,0,0:0:0:0:
320,192,52912,1,0,0:0:0:0:
64,192,53062,1,0,0:0:0:0:
192,192,53212,128,0,53512:0:0:0:0:
320,192,53212,1,0,0:0:0:0:
64,192,53212,1,0,0:0:0:0:
320,192,53362,1,0,0:0:0:0:
448,192,53512,1,0,0:0:0:0:
320,192,53512,1,0,0:0:0:0:
64,192,53512,1,0,0:0:0:0:
192,192,53662,1,0,0:0:0:0:
320,192,53662,1,0,0:0:0:0:
192,192,53812,1,0,0:0:0:0:
64,192,53812,1,0,0:0:0:0:
64,192,53962,1,0,0:0:0:0:
320,192,53962,1,0,0:0:0:0:
448,192,53962,1,0,0:0:0:0:
448,192,54112,1,0,0:0:0:0:
64,192,54112,1,0,0:0:0:0:
192,192,54262,1,0,0:0:0:0:
448,192,54262,1,0,0:0:0:0:
320,192,54412,1,0,0:0:0:0:
64,192,54412,1,0,0:0:0:0:
192,192,54412,1,0,0:0:0:0:
448,192,54412,1,0,0:0:0:0:
320,192,54562,1,0,0:0:0:0:
64,192,54562,1,0,0:0:0:0:
192,192,54712,1,0,0:0:0:0:
448,192,54712,1,0,0:0:0:0:
448,192,54862,1,0,0:0:0:0:
64,192,54862,1,0,0:0:0:0:
320,192,54862,1,0,0:0:0:0:
192,192,55012,1,0,0:0:0:0:
320,192,55012,1,0,0:0:0:0:
192,192,55162,1,0,0:0:0:0:
64,192,55162,1,0,0:0:0:0:
64,192,55312,1,0,0:0:0:0:
448,192,55312,128,0,55612:0:0:0:0:
320,192,55312,1,0,0:0:0:0:
192,192,55312,1,0,0:0:0:0:
320,192,55612,1,0,0:0:0:0:
64,192,55612,1,0,0:0:0:0:
192,192,55612,128,0,55912:0:0:0:0:
64,192,55912,1,0,0:0:0:0:
448,192,55912,1,0,0:0:0:0:
320,192,55949,1,0,0:0:0:0:
192,192,55987,1,0,0:0:0:0:
64,192,56024,1,0,0:0:0:0:
448,192,56062,1,0,0:0:0:0:
320,192,56099,1,0,0:0:0:0:
192,192,56137,1,0,0:0:0:0:
64,192,56174,1,0,0:0:0:0:
448,192,56212,128,0,56249:0:0:0:0:
320,192,56249,128,0,56287:0:0:0:0:
192,192,56287,128,0,56324:0:0:0:0:
64,192,56324,128,0,56362:0:0:0:0:
448,192,56362,128,0,56399:0:0:0:0:
320,192,56399,128,0,56437:0:0:0:0:
192,192,56437,128,0,56474:0:0:0:0:
64,192,56474,128,0,56512:0:0:0:0:
448,192,56512,128,0,56587:0:0:0:0:
320,192,56549,128,0,56624:0:0:0:0:
192,192,56587,128,0,56662:0:0:0:0:
64,192,56624,128,0,56699:0:0:0:0:
448,192,56662,128,0,56737:0:0:0:0:
320,192,56699,128,0,56774:0:0:0:0:
192,192,56737,128,0,56812:0:0:0:0:
64,192,56774,128,0,56849:0:0:0:0:
448,192,56812,128,0,56887:0:0:0:0:
320,192,56849,128,0,56924:0:0:0:0:
192,192,56887,128,0,56962:0:0:0:0:
64,192,56924,128,0,56999:0:0:0:0:
448,192,56962,128,0,57074:0:0:0:0:
320,192,56999,128,0,57112:0:0:0:0:
192,192,57037,128,0,57149:0:0:0:0:
64,192,57074,128,0,57187:0:0:0:0:
448,192,57112,128,0,57224:0:0:0:0:
320,192,57149,128,0,57262:0:0:0:0:
192,192,57187,128,0,57299:0:0:0:0:
64,192,57224,128,0,57337:0:0:0:0:
448,192,57262,128,0,57374:0:0:0:0:
320,192,57299,128,0,57374:0:0:0:0:
192,192,57337,128,0,57412:0:0:0:0:
64,192,57374,128,0,57412:0:0:0:0:
320,192,57412,1,0,0:0:0:0:
448,192,57412,1,0,0:0:0:0:
64,192,57562,1,0,0:0:0:0:
320,192,57712,1,0,0:0:0:0:
192,192,57862,1,0,0:0:0:0:
448,192,58012,1,0,0:0:0:0:
320,192,58162,1,0,0:0:0:0:
192,192,58312,128,0,58462:0:0:0:0:
64,192,58312,1,0,0:0:0:0:
448,192,58312,1,0,0:0:0:0:
320,192,58387,128,0,58537:0:0:0:0:
64,192,58462,128,0,58762:0:0:0:0:
448,192,58462,1,0,0:0:0:0:
192,192,58537,1,0,0:0:0:0:
320,192,58612,128,0,58687:0:0:0:0:
448,192,58612,128,0,58687:0:0:0:0:
192,192,58687,128,0,58837:0:0:0:0:
320,192,58762,128,0,58912:0:0:0:0:
448,192,58762,128,0,58837:0:0:0:0:
64,192,58837,128,0,58987:0:0:0:0:
448,192,58912,128,0,59062:0:0:0:0:
192,192,58912,1,0,0:0:0:0:
320,192,58987,128,0,59137:0:0:0:0:
64,192,59062,128,0,59287:0:0:0:0:
192,192,59062,128,0,59137:0:0:0:0:
448,192,59137,1,0,0:0:0:0:
320,192,59212,128,0,59362:0:0:0:0:
192,192,59212,1,0,0:0:0:0:
448,192,59287,1,0,0:0:0:0:
192,192,59362,128,0,59437:0:0:0:0:
64,192,59362,128,0,59437:0:0:0:0:
448,192,59437,128,0,59587:0:0:0:0:
320,192,59437,1,0,0:0:0:0:
64,192,59512,128,0,59737:0:0:0:0:
192,192,59512,1,0,0:0:0:0:
320,192,59587,1,0,0:0:0:0:
192,192,59662,128,0,59812:0:0:0:0:
448,192,59662,128,0,59737:0:0:0:0:
320,192,59737,128,0,59887:0:0:0:0:
64,192,59812,128,0,59962:0:0:0:0:
448,192,59812,128,0,59887:0:0:0:0:
192,192,59887,128,0,60112:0:0:0:0:
320,192,59962,128,0,60112:0:0:0:0:
448,192,59962,128,0,60037:0:0:0:0:
64,192,60037,1,0,0:0:0:0:
448,192,60112,128,0,60212:0:0:0:0:
320,192,60162,128,0,60262:0:0:0:0:
192,192,60212,128,0,60312:0:0:0:0:
64,192,60262,128,0,60362:0:0:0:0:
448,192,60262,1,0,0:0:0:0:
320,192,60312,1,0,0:0:0:0:
192,192,60362,1,0,0:0:0:0:
64,192,60412,128,0,60512:0:0:0:0:
192,192,60462,128,0,60562:0:0:0:0:
320,192,60512,128,0,60612:0:0:0:0:
448,192,60562,128,0,60662:0:0:0:0:
64,192,60562,1,0,0:0:0:0:
192,192,60612,1,0,0:0:0:0:
320,192,60662,1,0,0:0:0:0:
448,192,60712,128,0,60862:0:0:0:0:
64,192,60712,128,0,60787:0:0:0:0:
192,192,60712,128,0,60787:0:0:0:0:
320,192,60787,128,0,60937:0:0:0:0:
192,192,60862,1,0,0:0:0:0:
64,192,60862,1,0,0:0:0:0:
448,192,60937,1,0,0:0:0:0:
64,192,61012,128,0,61162:0:0:0:0:
320,192,61012,1,0,0:0:0:0:
192,192,61012,128,0,61087:0:0:0:0:
448,192,61087,128,0,61237:0:0:0:0:
320,192,61162,128,0,61312:0:0:0:0:
192,192,61162,128,0,61237:0:0:0:0:
64,192,61237,128,0,61387:0:0:0:0:
192,192,61312,128,0,61612:0:0:0:0:
448,192,61312,1,0,0:0:0:0:
320,192,61387,1,0,0:0:0:0:
64,192,61462,1,0,0:0:0:0:
448,192,61462,128,0,61537:0:0:0:0:
320,192,61537,128,0,61687:0:0:0:0:
64,192,61612,128,0,61762:0:0:0:0:
448,192,61612,1,0,0:0:0:0:
192,192,61687,128,0,61837:0:0:0:0:
448,192,61762,128,0,61912:0:0:0:0:
320,192,61762,128,0,61837:0:0:0:0:
64,192,61837,128,0,61987:0:0:0:0:
320,192,61912,128,0,62062:0:0:0:0:
192,192,61912,1,0,0:0:0:0:
448,192,61987,128,0,62137:0:0:0:0:
64,192,62062,128,0,62212:0:0:0:0:
192,192,62062,128,0,62137:0:0:0:0:
320,192,62137,128,0,62287:0:0:0:0:
192,192,62212,128,0,62362:0:0:0:0:
448,192,62212,128,0,62287:0:0:0:0:
64,192,62287,128,0,62437:0:0:0:0:
320,192,62362,128,0,62512:0:0:0:0:
448,192,62362,128,0,62437:0:0:0:0:
192,192,62437,128,0,62587:0:0:0:0:
448,192,62512,128,0,62737:0:0:0:0:
64,192,62512,128,0,62587:0:0:0:0:
320,192,62587,1,0,0:0:0:0:
192,192,62662,128,0,62812:0:0:0:0:
64,192,62662,128,0,62737:0:0:0:0:
320,192,62737,128,0,62887:0:0:0:0:
64,192,62812,128,0,62962:0:0:0:0:
448,192,62812,128,0,62887:0:0:0:0:
192,192,62887,128,0,63037:0:0:0:0:
448,192,62962,1,0,0:0:0:0:
320,192,62962,128,0,63037:0:0:0:0:
64,192,63037,1,0,0:0:0:0:
192,192,63112,1,0,0:0:0:0:
448,192,63112,128,0,63212:0:0:0:0:
320,192,63162,128,0,63262:0:0:0:0:
192,192,63212,128,0,63312:0:0:0:0:
64,192,63262,128,0,63362:0:0:0:0:
320,192,63312,128,0,63412:0:0:0:0:
448,192,63362,128,0,63462:0:0:0:0:
192,192,63412,128,0,63512:0:0:0:0:
64,192,63462,128,0,63562:0:0:0:0:
448,192,63512,128,0,63612:0:0:0:0:
192,192,63562,128,0,63662:0:0:0:0:
320,192,63612,128,0,63712:0:0:0:0:
448,192,63662,128,0,63812:0:0:0:0:
64,192,63712,128,0,63812:0:0:0:0:
192,192,63762,128,0,63862:0:0:0:0:
320,192,63812,128,0,63912:0:0:0:0:
64,192,63862,1,0,0:0:0:0:
448,192,63912,128,0,64012:0:0:0:0:
320,192,63962,128,0,64012:0:0:0:0:
64,192,64012,128,0,64162:0:0:0:0:
192,192,64012,128,0,64087:0:0:0:0:
448,192,64087,128,0,64237:0:0:0:0:
192,192,64162,128,0,64312:0:0:0:0:
320,192,64162,128,0,64237:0:0:0:0:
64,192,64237,128,0,64387:0:0:0:0:
320,192,64312,128,0,64537:0:0:0:0:
448,192,64312,128,0,64387:0:0:0:0:
192,192,64387,1,0,0:0:0:0:
64,192,64462,128,0,64612:0:0:0:0:
448,192,64462,1,0,0:0:0:0:
192,192,64537,128,0,64687:0:0:0:0:
448,192,64612,128,0,64762:0:0:0:0:
320,192,64612,128,0,64687:0:0:0:0:
64,192,64687,128,0,64837:0:0:0:0:
192,192,64762,128,0,64912:0:0:0:0:
320,192,64762,128,0,64837:0:0:0:0:
448,192,64837,128,0,64987:0:0:0:0:
320,192,64912,128,0,65062:0:0:0:0:
64,192,64912,1,0,0:0:0:0:
192,192,64987,128,0,65137:0:0:0:0:
64,192,65062,128,0,65212:0:0:0:0:
448,192,65062,128,0,65137:0:0:0:0:
320,192,65137,128,0,65287:0:0:0:0:
448,192,65212,128,0,65362:0:0:0:0:
192,192,65212,1,0,0:0:0:0:
64,192,65287,128,0,65437:0:0:0:0:
320,192,65362,1,0,0:0:0:0:
192,192,65362,128,0,65437:0:0:0:0:
448,192,65437,1,0,0:0:0:0:
320,192,65512,1,0,0:0:0:0:
64,192,65512,128,0,65612:0:0:0:0:
192,192,65562,128,0,65662:0:0:0:0:
320,192,65612,128,0,65712:0:0:0:0:
448,192,65662,128,0,65762:0:0:0:0:
192,192,65712,128,0,65812:0:0:0:0:
64,192,65762,128,0,65862:0:0:0:0:
320,192,65812,128,0,65912:0:0:0:0:
448,192,65812,1,0,0:0:0:0:
192,192,65862,128,0,65962:0:0:0:0:
320,192,65962,128,0,66062:0:0:0:0:
448,192,66012,128,0,66112:0:0:0:0:
64,192,66062,128,0,66162:0:0:0:0:
320,192,66112,128,0,66212:0:0:0:0:
192,192,66162,128,0,66262:0:0:0:0:
448,192,66212,128,0,66312:0:0:0:0:
64,192,66262,128,0,66362:0:0:0:0:
192,192,66312,128,0,66412:0:0:0:0:
320,192,66362,128,0,66462:0:0:0:0:
64,192,66412,1,0,0:0:0:0:
448,192,66412,128,0,66512:0:0:0:0:
192,192,66462,1,0,0:0:0:0:
320,192,66512,1,0,0:0:0:0:
192,192,66562,128,0,66637:0:0:0:0:
64,192,66562,128,0,66637:0:0:0:0:
448,192,66562,1,0,0:0:0:0:
320,192,66637,128,0,66712:0:0:0:0:
192,192,66712,128,0,66862:0:0:0:0:
448,192,66712,128,0,66787:0:0:0:0:
64,192,66712,1,0,0:0:0:0:
320,192,66787,128,0,66937:0:0:0:0:
448,192,66862,128,0,66937:0:0:0:0:
64,192,66862,128,0,66937:0:0:0:0:
192,192,66937,128,0,67012:0:0:0:0:
64,192,67012,1,0,0:0:0:0:
448,192,67012,1,0,0:0:0:0:
320,192,67049,1,0,0:0:0:0:
192,192,67087,1,0,0:0:0:0:
64,192,67124,1,0,0:0:0:0:
320,192,67162,128,0,67312:0:0:0:0:
448,192,67162,1,0,0:0:0:0:
192,192,67237,128,0,67462:0:0:0:0:
448,192,67312,128,0,67387:0:0:0:0:
64,192,67312,1,0,0:0:0:0:
320,192,67387,128,0,67612:0:0:0:0:
64,192,67462,128,0,67612:0:0:0:0:
448,192,67462,128,0,67537:0:0:0:0:
192,192,67537,128,0,67612:0:0:0:0:
448,192,67612,1,0,0:0:0:0:
320,192,67649,1,0,0:0:0:0:
64,192,67687,1,0,0:0:0:0:
192,192,67724,1,0,0:0:0:0:
448,192,67762,1,0,0:0:0:0:
320,192,67799,1,0,0:0:0:0:
64,192,67837,1,0,0:0:0:0:
192,192,67874,1,0,0:0:0:0:
64,192,67912,128,0,68062:0:0:0:0:
320,192,67912,1,0,0:0:0:0:
448,192,67912,128,0,67987:0:0:0:0:
192,192,67987,128,0,68137:0:0:0:0:
448,192,68062,128,0,68212:0:0:0:0:
320,192,68062,1,0,0:0:0:0:
64,192,68137,128,0,68287:0:0:0:0:
192,192,68212,128,0,68362:0:0:0:0:
320,192,68212,128,0,68287:0:0:0:0:
448,192,68287,128,0,68437:0:0:0:0:
64,192,68362,128,0,68587:0:0:0:0:
320,192,68362,128,0,68437:0:0:0:0:
192,192,68437,1,0,0:0:0:0:
320,192,68512,128,0,68662:0:0:0:0:
448,192,68512,1,0,0:0:0:0:
192,192,68587,128,0,68737:0:0:0:0:
448,192,68662,128,0,68812:0:0:0:0:
64,192,68662,128,0,68737:0:0:0:0:
320,192,68737,128,0,68887:0:0:0:0:
64,192,68812,128,0,68962:0:0:0:0:
192,192,68812,1,0,0:0:0:0:
448,192,68887,128,0,69037:0:0:0:0:
320,192,68962,128,0,69112:0:0:0:0:
192,192,68962,128,0,69037:0:0:0:0:
64,192,69037,128,0,69187:0:0:0:0:
192,192,69112,128,0,69262:0:0:0:0:
448,192,69112,1,0,0:0:0:0:
320,192,69187,128,0,69337:0:0:0:0:
64,192,69262,128,0,69487:0:0:0:0:
448,192,69262,128,0,69337:0:0:0:0:
192,192,69337,1,0,0:0:0:0:
320,192,69412,128,0,69562:0:0:0:0:
448,192,69412,128,0,69487:0:0:0:0:
192,192,69487,128,0,69637:0:0:0:0:
448,192,69562,128,0,69712:0:0:0:0:
64,192,69562,128,0,69637:0:0:0:0:
320,192,69637,1,0,0:0:0:0:
192,192,69712,128,0,69812:0:0:0:0:
64,192,69712,128,0,69787:0:0:0:0:
320,192,69762,128,0,69862:0:0:0:0:
448,192,69812,128,0,69912:0:0:0:0:
64,192,69862,128,0,69962:0:0:0:0:
192,192,69912,128,0,70012:0:0:0:0:
320,192,69962,1,0,0:0:0:0:
64,192,70012,1,0,0:0:0:0:
448,192,70012,128,0,70112:0:0:0:0:
320,192,70062,128,0,70162:0:0:0:0:
192,192,70112,128,0,70212:0:0:0:0:
64,192,70162,128,0,70262:0:0:0:0:
448,192,70212,1,0,0:0:0:0:
320,192,70262,1,0,0:0:0:0:
192,192,70312,128,0,70462:0:0:0:0:
64,192,70312,128,0,70387:0:0:0:0:
320,192,70387,128,0,70537:0:0:0:0:
64,192,70462,1,0,0:0:0:0:
448,192,70462,1,0,0:0:0:0:
192,192,70537,1,0,0:0:0:0:
64,192,70612,128,0,70837:0:0:0:0:
320,192,70612,128,0,70687:0:0:0:0:
448,192,70612,1,0,0:0:0:0:
192,192,70687,1,0,0:0:0:0:
320,192,70762,128,0,70912:0:0:0:0:
448,192,70762,128,0,70837:0:0:0:0:
192,192,70837,128,0,70987:0:0:0:0:
64,192,70912,128,0,71062:0:0:0:0:
448,192,70912,1,0,0:0:0:0:
320,192,70987,128,0,71212:0:0:0:0:
448,192,71062,1,0,0:0:0:0:
192,192,71062,128,0,71137:0:0:0:0:
64,192,71137,128,0,71287:0:0:0:0:
192,192,71212,128,0,71362:0:0:0:0:
448,192,71212,1,0,0:0:0:0:
320,192,71287,128,0,71437:0:0:0:0:
448,192,71362,128,0,71512:0:0:0:0:
64,192,71362,128,0,71437:0:0:0:0:
192,192,71437,128,0,71587:0:0:0:0:
320,192,71512,128,0,71662:0:0:0:0:
64,192,71512,1,0,0:0:0:0:
448,192,71587,128,0,71737:0:0:0:0:
64,192,71662,128,0,71887:0:0:0:0:
192,192,71662,128,0,71737:0:0:0:0:
320,192,71737,1,0,0:0:0:0:
192,192,71812,128,0,71962:0:0:0:0:
448,192,71812,128,0,71887:0:0:0:0:
320,192,71887,128,0,72037:0:0:0:0:
448,192,71962,128,0,72187:0:0:0:0:
64,192,71962,128,0,72037:0:0:0:0:
192,192,72037,1,0,0:0:0:0:
64,192,72112,128,0,72337:0:0:0:0:
320,192,72112,128,0,72187:0:0:0:0:
192,192,72187,1,0,0:0:0:0:
320,192,72262,128,0,72412:0:0:0:0:
448,192,72262,128,0,72337:0:0:0:0:
192,192,72337,1,0,0:0:0:0:
448,192,72412,128,0,72462:0:0:0:0:
64,192,72412,128,0,72487:0:0:0:0:
320,192,72462,128,0,72562:0:0:0:0:
192,192,72512,128,0,72562:0:0:0:0:
448,192,72562,1,0,0:0:0:0:
64,192,72562,128,0,72612:0:0:0:0:
192,192,72612,128,0,72712:0:0:0:0:
320,192,72662,128,0,72712:0:0:0:0:
64,192,72712,128,0,72862:0:0:0:0:
448,192,72712,1,0,0:0:0:0:
192,192,72787,128,0,72937:0:0:0:0:
320,192,72862,1,0,0:0:0:0:
448,192,72862,128,0,73012:0:0:0:0:
64,192,72937,128,0,73162:0:0:0:0:
192,192,73012,128,0,73087:0:0:0:0:
320,192,73012,1,0,0:0:0:0:
448,192,73087,128,0,73237:0:0:0:0:
320,192,73162,128,0,73237:0:0:0:0:
192,192,73162,128,0,73312:0:0:0:0:
64,192,73237,128,0,73387:0:0:0:0:
320,192,73312,128,0,73462:0:0:0:0:
448,192,73312,1,0,0:0:0:0:
192,192,73387,128,0,73537:0:0:0:0:
448,192,73462,128,0,73687:0:0:0:0:
64,192,73462,128,0,73537:0:0:0:0:
320,192,73537,1,0,0:0:0:0:
64,192,73612,128,0,73762:0:0:0:0:
192,192,73612,1,0,0:0:0:0:
320,192,73687,128,0,73837:0:0:0:0:
448,192,73762,128,0,73837:0:0:0:0:
192,192,73762,128,0,73912:0:0:0:0:
64,192,73837,128,0,73987:0:0:0:0:
320,192,73912,128,0,74062:0:0:0:0:
448,192,73912,128,0,73987:0:0:0:0:
192,192,73987,128,0,74137:0:0:0:0:
448,192,74062,128,0,74362:0:0:0:0:
64,192,74062,1,0,0:0:0:0:
320,192,74137,1,0,0:0:0:0:
192,192,74212,128,0,74287:0:0:0:0:
64,192,74212,1,0,0:0:0:0:
320,192,74287,128,0,74437:0:0:0:0:
192,192,74362,128,0,74512:0:0:0:0:
64,192,74362,128,0,74437:0:0:0:0:
448,192,74437,128,0,74587:0:0:0:0:
320,192,74512,1,0,0:0:0:0:
64,192,74512,128,0,74737:0:0:0:0:
192,192,74587,128,0,74662:0:0:0:0:
320,192,74662,128,0,74812:0:0:0:0:
448,192,74662,128,0,74737:0:0:0:0:
192,192,74737,128,0,74887:0:0:0:0:
448,192,74812,128,0,75037:0:0:0:0:
64,192,74812,128,0,74962:0:0:0:0:
320,192,74887,128,0,75037:0:0:0:0:
192,192,74962,1,0,0:0:0:0:
64,192,75037,1,0,0:0:0:0:
448,192,75112,128,0,75337:0:0:0:0:
320,192,75112,128,0,75187:0:0:0:0:
192,192,75112,128,0,75187:0:0:0:0:
64,192,75112,128,0,75187:0:0:0:0:
320,192,75262,128,0,75487:0:0:0:0:
192,192,75262,128,0,75337:0:0:0:0:
64,192,75262,128,0,75337:0:0:0:0:
192,192,75412,128,0,75637:0:0:0:0:
448,192,75412,128,0,75487:0:0:0:0:
64,192,75412,128,0,75487:0:0:0:0:
64,192,75562,128,0,75787:0:0:0:0:
320,192,75562,128,0,75637:0:0:0:0:
448,192,75562,128,0,75637:0:0:0:0:
192,192,75712,128,0,75937:0:0:0:0:
448,192,75712,128,0,75787:0:0:0:0:
320,192,75712,128,0,75787:0:0:0:0:
448,192,75862,128,0,75937:0:0:0:0:
64,192,75862,128,0,75937:0:0:0:0:
320,192,75862,128,0,76012:0:0:0:0:
192,192,76012,1,0,0:0:0:0:
64,192,76012,1,0,0:0:0:0:
448,192,76012,1,0,0:0:0:0:
64,192,76162,128,0,76537:0:0:0:0:
320,192,76162,128,0,76537:0:0:0:0:
448,192,76162,128,0,76537:0:0:0:0:
448,192,76612,128,0,76837:0:0:0:0:
192,192,76612,128,0,76687:0:0:0:0:
64,192,76612,128,0,76687:0:0:0:0:
192,192,76762,128,0,76837:0:0:0:0:
320,192,76762,128,0,76837:0:0:0:0:
320,192,76912,128,0,76987:0:0:0:0:
448,192,76912,128,0,76987:0:0:0:0:
64,192,76912,128,0,77137:0:0:0:0:
192,192,77062,128,0,77137:0:0:0:0:
320,192,77062,128,0,77137:0:0:0:0:
192,192,77212,128,0,77287:0:0:0:0:
64,192,77212,128,0,77287:0:0:0:0:
448,192,77212,128,0,77512:0:0:0:0:
192,192,77362,128,0,77437:0:0:0:0:
320,192,77362,128,0,77437:0:0:0:0:
320,192,77512,1,0,0:0:0:0:
64,192,77512,1,0,0:0:0:0:
192,192,77662,1,0,0:0:0:0:
320,192,77812,1,0,0:0:0:0:
448,192,77812,1,0,0:0:0:0:
64,192,77962,1,0,0:0:0:0:
192,192,78112,1,0,0:0:0:0:
320,192,78112,1,0,0:0:0:0:
448,192,78112,1,0,0:0:0:0:
64,192,78262,1,0,0:0:0:0:
192,192,78412,1,0,0:0:0:0:
448,192,78412,1,0,0:0:0:0:
320,192,78562,1,0,0:0:0:0:
64,192,78562,1,0,0:0:0:0:
192,192,78712,1,0,0:0:0:0:
448,192,78712,1,0,0:0:0:0:
448,192,78862,1,0,0:0:0:0:
320,192,79012,1,0,0:0:0:0:
64,192,79012,1,0,0:0:0:0:
192,192,79162,1,0,0:0:0:0:
320,192,79312,1,0,0:0:0:0:
448,192,79312,1,0,0:0:0:0:
64,192,79312,1,0,0:0:0:0:
448,192,79462,1,0,0:0:0:0:
320,192,79612,1,0,0:0:0:0:
192,192,79612,1,0,0:0:0:0:
64,192,79612,1,0,0:0:0:0:
64,192,79762,1,0,0:0:0:0:
192,192,79912,1,0,0:0:0:0:
320,192,79912,1,0,0:0:0:0:
448,192,79912,1,0,0:0:0:0:
320,192,80062,1,0,0:0:0:0:
448,192,80062,1,0,0:0:0:0:
64,192,80062,1,0,0:0:0:0:
192,192,80212,1,0,0:0:0:0:
320,192,80212,1,0,0:0:0:0:
448,192,80212,1,0,0:0:0:0:
192,192,80362,1,0,0:0:0:0:
448,192,80362,1,0,0:0:0:0:
64,192,80362,1,0,0:0:0:0:
64,192,80512,128,0,80587:0:0:0:0:
192,192,80512,128,0,80587:0:0:0:0:
320,192,80512,128,0,80587:0:0:0:0:
192,192,80662,128,0,80737:0:0:0:0:
320,192,80662,128,0,80737:0:0:0:0:
448,192,80662,128,0,80737:0:0:0:0:
192,192,80812,128,0,80887:0:0:0:0:
64,192,80812,128,0,80887:0:0:0:0:
448,192,80812,128,0,80887:0:0:0:0:
64,192,80962,128,0,81637:0:0:0:0:
192,192,80962,128,0,81637:0:0:0:0:
320,192,80962,128,0,81637:0:0:0:0:
448,192,80962,128,0,81637:0:0:0:0:
448,192,81712,1,0,0:0:0:0:
64,192,81712,1,0,0:0:0:0:
320,192,81787,1,0,0:0:0:0:
192,192,81787,1,0,0:0:0:0:
448,192,81862,1,0,0:0:0:0:
64,192,81862,1,0,0:0:0:0:
192,192,81937,1,0,0:0:0:0:
448,192,82012,1,0,0:0:0:0:
64,192,82012,1,0,0:0:0:0:
320,192,82012,1,0,0:0:0:0:
64,192,82312,1,0,0:0:0:0:
448,192,82312,1,0,0:0:0:0:
192,192,82312,1,0,0:0:0:0:
320,192,82612,1,0,0:0:0:0:
448,192,82612,1,0,0:0:0:0:
320,192,83212,1,0,0:0:0:0:
448,192,83212,1,0,0:0:0:0:
192,192,83812,1,0,0:0:0:0:
64,192,83812,1,0,0:0:0:0:
192,192,84412,1,0,0:0:0:0:
64,192,84412,1,0,0:0:0:0:
448,192,85012,1,0,0:0:0:0:
320,192,85012,1,0,0:0:0:0:
320,192,85612,1,0,0:0:0:0:
448,192,85612,1,0,0:0:0:0:
192,192,86212,1,0,0:0:0:0:
64,192,86212,1,0,0:0:0:0:
320,192,86512,1,0,0:0:0:0:
448,192,86512,1,0,0:0:0:0:
192,192,86587,1,0,0:0:0:0:
64,192,86587,1,0,0:0:0:0:
320,192,86662,1,0,0:0:0:0:
448,192,86662,1,0,0:0:0:0:
64,192,86737,1,0,0:0:0:0:
192,192,86812,1,0,0:0:0:0:
448,192,86812,128,0,87112:0:0:0:0:
320,192,86812,1,0,0:0:0:0:
64,192,86887,1,0,0:0:0:0:
192,192,86962,1,0,0:0:0:0:
320,192,87037,1,0,0:0:0:0:
192,192,87112,1,0,0:0:0:0:
64,192,87112,1,0,0:0:0:0:
320,192,87262,1,0,0:0:0:0:
448,192,87412,1,0,0:0:0:0:
64,192,87412,1,0,0:0:0:0:
192,192,87412,1,0,0:0:0:0:
320,192,87562,1,0,0:0:0:0:
448,192,87562,1,0,0:0:0:0:
64,192,87562,1,0,0:0:0:0:
192,192,87712,1,0,0:0:0:0:
320,192,87862,1,0,0:0:0:0:
448,192,87862,1,0,0:0:0:0:
64,192,87862,1,0,0:0:0:0:
192,192,88012,1,0,0:0:0:0:
320,192,88162,1,0,0:0:0:0:
448,192,88162,1,0,0:0:0:0:
64,192,88162,1,0,0:0:0:0:
64,192,88312,1,0,0:0:0:0:
192,192,88462,1,0,0:0:0:0:
320,192,88462,1,0,0:0:0:0:
448,192,88462,1,0,0:0:0:0:
320,192,88612,1,0,0:0:0:0:
192,192,88762,1,0,0:0:0:0:
64,192,88762,1,0,0:0:0:0:
448,192,88762,1,0,0:0:0:0:
192,192,88912,1,0,0:0:0:0:
320,192,89062,1,0,0:0:0:0:
448,192,89062,1,0,0:0:0:0:
448,192,89212,1,0,0:0:0:0:
192,192,89212,1,0,0:0:0:0:
64,192,89212,1,0,0:0:0:0:
320,192,89362,1,0,0:0:0:0:
192,192,89362,1,0,0:0:0:0:
320,192,89512,1,0,0:0:0:0:
64,192,89512,1,0,0:0:0:0:
448,192,89512,1,0,0:0:0:0:
320,192,89662,1,0,0:0:0:0:
192,192,89812,1,0,0:0:0:0:
64,192,89812,1,0,0:0:0:0:
448,192,89812,1,0,0:0:0:0:
64,192,89962,1,0,0:0:0:0:
448,192,90112,1,0,0:0:0:0:
320,192,90112,1,0,0:0:0:0:
192,192,90112,1,0,0:0:0:0:
320,192,90262,1,0,0:0:0:0:
192,192,90412,1,0,0:0:0:0:
448,192,90412,1,0,0:0:0:0:
64,192,90412,1,0,0:0:0:0:
448,192,90562,1,0,0:0:0:0:
320,192,90599,1,0,0:0:0:0:
192,192,90637,1,0,0:0:0:0:
64,192,90674,1,0,0:0:0:0:
320,192,90712,1,0,0:0:0:0:
448,192,90712,1,0,0:0:0:0:
192,192,90862,1,0,0:0:0:0:
64,192,91012,1,0,0:0:0:0:
320,192,91012,1,0,0:0:0:0:
448,192,91012,1,0,0:0:0:0:
448,192,91162,1,0,0:0:0:0:
320,192,91312,1,0,0:0:0:0:
192,192,91312,1,0,0:0:0:0:
64,192,91312,1,0,0:0:0:0:
64,192,91462,1,0,0:0:0:0:
192,192,91612,1,0,0:0:0:0:
320,192,91612,1,0,0:0:0:0:
448,192,91612,1,0,0:0:0:0:
64,192,91687,1,0,0:0:0:0:
448,192,91762,1,0,0:0:0:0:
192,192,91762,1,0,0:0:0:0:
320,192,91837,1,0,0:0:0:0:
64,192,91912,1,0,0:0:0:0:
192,192,91912,1,0,0:0:0:0:
448,192,91912,128,0,92062:0:0:0:0:
320,192,91987,128,0,92137:0:0:0:0:
192,192,92062,128,0,92212:0:0:0:0:
64,192,92137,128,0,92287:0:0:0:0:
320,192,92212,1,0,0:0:0:0:
448,192,92212,1,0,0:0:0:0:
192,192,92287,128,0,92437:0:0:0:0:
320,192,92362,128,0,92437:0:0:0:0:
448,192,92437,128,0,92587:0:0:0:0:
64,192,92512,1,0,0:0:0:0:
320,192,92512,128,0,92662:0:0:0:0:
192,192,92587,128,0,92737:0:0:0:0:
448,192,92662,1,0,0:0:0:0:
320,192,92737,1,0,0:0:0:0:
192,192,92812,1,0,0:0:0:0:
64,192,92812,128,0,92887:0:0:0:0:
320,192,92887,1,0,0:0:0:0:
64,192,92962,1,0,0:0:0:0:
192,192,92962,128,0,93112:0:0:0:0:
320,192,93037,1,0,0:0:0:0:
64,192,93112,1,0,0:0:0:0:
448,192,93112,128,0,93187:0:0:0:0:
192,192,93187,1,0,0:0:0:0:
320,192,93262,128,0,93412:0:0:0:0:
448,192,93337,128,0,93487:0:0:0:0:
192,192,93412,1,0,0:0:0:0:
64,192,93412,1,0,0:0:0:0:
320,192,93487,128,0,93562:0:0:0:0:
192,192,93562,128,0,93712:0:0:0:0:
320,192,93637,1,0,0:0:0:0:
448,192,93712,1,0,0:0:0:0:
64,192,93712,128,0,93862:0:0:0:0:
192,192,93787,128,0,93862:0:0:0:0:
448,192,93862,1,0,0:0:0:0:
320,192,93862,128,0,93937:0:0:0:0:
192,192,93937,1,0,0:0:0:0:
320,192,94012,1,0,0:0:0:0:
448,192,94012,128,0,94162:0:0:0:0:
192,192,94087,1,0,0:0:0:0:
64,192,94162,1,0,0:0:0:0:
320,192,94162,128,0,94312:0:0:0:0:
448,192,94237,1,0,0:0:0:0:
192,192,94312,128,0,94387:0:0:0:0:
64,192,94312,128,0,94537:0:0:0:0:
320,192,94387,1,0,0:0:0:0:
192,192,94462,1,0,0:0:0:0:
448,192,94537,1,0,0:0:0:0:
320,192,94612,1,0,0:0:0:0:
64,192,94612,128,0,94687:0:0:0:0:
192,192,94687,128,0,94837:0:0:0:0:
64,192,94762,1,0,0:0:0:0:
448,192,94762,128,0,95062:0:0:0:0:
320,192,94837,128,0,94912:0:0:0:0:
192,192,94912,1,0,0:0:0:0:
64,192,94912,1,0,0:0:0:0:
320,192,94987,128,0,95137:0:0:0:0:
192,192,95062,128,0,95212:0:0:0:0:
448,192,95137,1,0,0:0:0:0:
320,192,95212,1,0,0:0:0:0:
64,192,95212,128,0,95362:0:0:0:0:
192,192,95287,1,0,0:0:0:0:
320,192,95362,128,0,95437:0:0:0:0:
448,192,95362,128,0,95512:0:0:0:0:
192,192,95437,1,0,0:0:0:0:
64,192,95512,1,0,0:0:0:0:
320,192,95512,1,0,0:0:0:0:
448,192,95587,1,0,0:0:0:0:
192,192,95662,128,0,95737:0:0:0:0:
320,192,95662,128,0,95812:0:0:0:0:
64,192,95737,1,0,0:0:0:0:
192,192,95812,1,0,0:0:0:0:
448,192,95812,1,0,0:0:0:0:
320,192,95887,1,0,0:0:0:0:
192,192,95962,128,0,96037:0:0:0:0:
64,192,95962,128,0,96112:0:0:0:0:
448,192,96037,1,0,0:0:0:0:
320,192,96112,1,0,0:0:0:0:
192,192,96112,1,0,0:0:0:0:
64,192,96187,1,0,0:0:0:0:
192,192,96262,128,0,96412:0:0:0:0:
448,192,96262,128,0,96337:0:0:0:0:
320,192,96337,1,0,0:0:0:0:
64,192,96412,1,0,0:0:0:0:
448,192,96412,1,0,0:0:0:0:
192,192,96487,1,0,0:0:0:0:
320,192,96487,1,0,0:0:0:0:
448,192,96562,1,0,0:0:0:0:
64,192,96562,1,0,0:0:0:0:
192,192,96637,1,0,0:0:0:0:
320,192,96637,1,0,0:0:0:0:
448,192,96712,1,0,0:0:0:0:
64,192,96712,128,0,97012:0:0:0:0:
320,192,96712,1,0,0:0:0:0:
448,192,96862,1,0,0:0:0:0:
192,192,97012,128,0,97162:0:0:0:0:
320,192,97012,1,0,0:0:0:0:
320,192,97162,128,0,97462:0:0:0:0:
448,192,97162,1,0,0:0:0:0:
192,192,97312,1,0,0:0:0:0:
64,192,97312,1,0,0:0:0:0:
64,192,97462,1,0,0:0:0:0:
448,192,97462,128,0,97912:0:0:0:0:
192,192,97612,1,0,0:0:0:0:
320,192,97612,1,0,0:0:0:0:
64,192,97762,1,0,0:0:0:0:
320,192,97762,1,0,0:0:0:0:
192,192,97837,1,0,0:0:0:0:
64,192,97912,128,0,98212:0:0:0:0:
320,192,97912,1,0,0:0:0:0:
448,192,98062,1,0,0:0:0:0:
192,192,98062,1,0,0:0:0:0:
320,192,98137,1,0,0:0:0:0:
192,192,98212,1,0,0:0:0:0:
448,192,98212,128,0,98362:0:0:0:0:
320,192,98362,1,0,0:0:0:0:
192,192,98362,1,0,0:0:0:0:
64,192,98362,128,0,98662:0:0:0:0:
320,192,98662,1,0,0:0:0:0:
448,192,98662,1,0,0:0:0:0:
192,192,98812,1,0,0:0:0:0:
64,192,98812,1,0,0:0:0:0:
448,192,98962,1,0,0:0:0:0:
320,192,98962,1,0,0:0:0:0:
192,192,99112,1,0,0:0:0:0:
64,192,99112,1,0,0:0:0:0:
448,192,99112,128,0,99337:0:0:0:0:
320,192,99262,1,0,0:0:0:0:
448,192,99412,1,0,0:0:0:0:
192,192,99412,1,0,0:0:0:0:
64,192,99412,128,0,99637:0:0:0:0:
320,192,99562,1,0,0:0:0:0:
448,192,99712,128,0,99787:0:0:0:0:
64,192,99712,128,0,99787:0:0:0:0:
192,192,99712,1,0,0:0:0:0:
448,192,99862,128,0,100162:0:0:0:0:
320,192,99862,1,0,0:0:0:0:
192,192,100012,1,0,0:0:0:0:
64,192,100012,1,0,0:0:0:0:
320,192,100162,1,0,0:0:0:0:
64,192,100162,1,0,0:0:0:0:
448,192,100237,1,0,0:0:0:0:
192,192,100312,1,0,0:0:0:0:
320,192,100312,1,0,0:0:0:0:
64,192,100462,1,0,0:0:0:0:
192,192,100612,1,0,0:0:0:0:
448,192,100612,1,0,0:0:0:0:
320,192,100612,1,0,0:0:0:0:
448,192,100762,1,0,0:0:0:0:
320,192,100912,1,0,0:0:0:0:
192,192,100912,1,0,0:0:0:0:
64,192,100912,1,0,0:0:0:0:
192,192,101062,1,0,0:0:0:0:
320,192,101212,1,0,0:0:0:0:
448,192,101212,1,0,0:0:0:0:
64,192,101212,1,0,0:0:0:0:
192,192,101287,1,0,0:0:0:0:
320,192,101362,1,0,0:0:0:0:
448,192,101437,1,0,0:0:0:0:
320,192,101512,1,0,0:0:0:0:
192,192,101512,1,0,0:0:0:0:
64,192,101512,1,0,0:0:0:0:
448,192,101662,1,0,0:0:0:0:
192,192,101812,1,0,0:0:0:0:
64,192,101812,1,0,0:0:0:0:
320,192,101887,1,0,0:0:0:0:
448,192,101887,1,0,0:0:0:0:
192,192,101962,1,0,0:0:0:0:
64,192,101962,1,0,0:0:0:0:
448,192,102112,1,0,0:0:0:0:
64,192,102112,1,0,0:0:0:0:
320,192,102262,1,0,0:0:0:0:
192,192,102412,1,0,0:0:0:0:
448,192,102412,1,0,0:0:0:0:
320,192,102487,1,0,0:0:0:0:
64,192,102487,1,0,0:0:0:0:
192,192,102562,1,0,0:0:0:0:
448,192,102562,1,0,0:0:0:0:
64,192,102712,1,0,0:0:0:0:
320,192,102712,1,0,0:0:0:0:
192,192,102862,1,0,0:0:0:0:
320,192,103012,1,0,0:0:0:0:
448,192,103012,1,0,0:0:0:0:
192,192,103087,1,0,0:0:0:0:
64,192,103087,1,0,0:0:0:0:
320,192,103162,1,0,0:0:0:0:
448,192,103162,1,0,0:0:0:0:
192,192,103312,1,0,0:0:0:0:
64,192,103312,1,0,0:0:0:0:
448,192,103312,1,0,0:0:0:0:
448,192,103462,1,0,0:0:0:0:
320,192,103612,1,0,0:0:0:0:
192,192,103612,1,0,0:0:0:0:
448,192,103687,1,0,0:0:0:0:
64,192,103687,1,0,0:0:0:0:
192,192,103762,1,0,0:0:0:0:
320,192,103762,1,0,0:0:0:0:
448,192,103912,1,0,0:0:0:0:
64,192,103912,1,0,0:0:0:0:
192,192,103912,1,0,0:0:0:0:
320,192,104062,1,0,0:0:0:0:
448,192,104212,1,0,0:0:0:0:
64,192,104212,1,0,0:0:0:0:
192,192,104287,1,0,0:0:0:0:
320,192,104287,1,0,0:0:0:0:
448,192,104362,1,0,0:0:0:0:
64,192,104362,1,0,0:0:0:0:
192,192,104512,1,0,0:0:0:0:
320,192,104587,1,0,0:0:0:0:
448,192,104662,1,0,0:0:0:0:
64,192,104662,1,0,0:0:0:0:
192,192,104737,1,0,0:0:0:0:
320,192,104737,1,0,0:0:0:0:
448,192,104812,1,0,0:0:0:0:
64,192,104812,1,0,0:0:0:0:
320,192,104962,1,0,0:0:0:0:
448,192,105112,1,0,0:0:0:0:
192,192,105112,1,0,0:0:0:0:
64,192,105112,1,0,0:0:0:0:
320,192,105262,1,0,0:0:0:0:
448,192,105412,1,0,0:0:0:0:
64,192,105412,1,0,0:0:0:0:
192,192,105487,1,0,0:0:0:0:
320,192,105487,1,0,0:0:0:0:
448,192,105562,1,0,0:0:0:0:
64,192,105562,1,0,0:0:0:0:
320,192,105712,1,0,0:0:0:0:
192,192,105712,1,0,0:0:0:0:
64,192,105862,1,0,0:0:0:0:
320,192,106012,1,0,0:0:0:0:
448,192,106012,1,0,0:0:0:0:
192,192,106012,1,0,0:0:0:0:
320,192,106162,1,0,0:0:0:0:
448,192,106162,1,0,0:0:0:0:
64,192,106162,1,0,0:0:0:0:
320,192,106312,1,0,0:0:0:0:
448,192,106312,1,0,0:0:0:0:
192,192,106312,128,0,106612:0:0:0:0:
64,192,106462,1,0,0:0:0:0:
320,192,106612,128,0,106762:0:0:0:0:
448,192,106612,1,0,0:0:0:0:
448,192,106762,128,0,107212:0:0:0:0:
192,192,106762,1,0,0:0:0:0:
320,192,106912,1,0,0:0:0:0:
64,192,106912,1,0,0:0:0:0:
192,192,107062,1,0,0:0:0:0:
320,192,107212,1,0,0:0:0:0:
64,192,107212,128,0,107812:0:0:0:0:
192,192,107362,1,0,0:0:0:0:
320,192,107512,1,0,0:0:0:0:
448,192,107512,1,0,0:0:0:0:
192,192,107662,1,0,0:0:0:0:
320,192,107812,1,0,0:0:0:0:
448,192,107812,128,0,108112:0:0:0:0:
192,192,107962,1,0,0:0:0:0:
320,192,108112,128,0,108412:0:0:0:0:
64,192,108112,1,0,0:0:0:0:
192,192,108262,1,0,0:0:0:0:
64,192,108412,128,0,108712:0:0:0:0:
448,192,108412,1,0,0:0:0:0:
320,192,108562,1,0,0:0:0:0:
192,192,108712,1,0,0:0:0:0:
448,192,108712,128,0,109162:0:0:0:0:
320,192,108712,1,0,0:0:0:0:
64,192,108862,1,0,0:0:0:0:
320,192,108862,1,0,0:0:0:0:
192,192,109012,1,0,0:0:0:0:
64,192,109012,1,0,0:0:0:0:
64,192,109162,1,0,0:0:0:0:
320,192,109162,128,0,109612:0:0:0:0:
192,192,109312,1,0,0:0:0:0:
448,192,109312,1,0,0:0:0:0:
448,192,109462,1,0,0:0:0:0:
64,192,109462,1,0,0:0:0:0:
192,192,109612,1,0,0:0:0:0:
64,192,109612,128,0,109912:0:0:0:0:
448,192,109612,1,0,0:0:0:0:
320,192,109762,1,0,0:0:0:0:
448,192,109762,1,0,0:0:0:0:
192,192,109912,1,0,0:0:0:0:
448,192,109912,128,0,110812:0:0:0:0:
320,192,109912,1,0,0:0:0:0:
320,192,110062,1,0,0:0:0:0:
64,192,110212,1,0,0:0:0:0:
192,192,110212,1,0,0:0:0:0:
320,192,110212,1,0,0:0:0:0:
192,192,110362,1,0,0:0:0:0:
320,192,110512,1,0,0:0:0:0:
192,192,110512,1,0,0:0:0:0:
64,192,110512,1,0,0:0:0:0:
64,192,110662,1,0,0:0:0:0:
192,192,110812,1,0,0:0:0:0:
64,192,110812,1,0,0:0:0:0:
320,192,110887,1,0,0:0:0:0:
448,192,110887,1,0,0:0:0:0:
192,192,110962,1,0,0:0:0:0:
64,192,110962,1,0,0:0:0:0:
320,192,111037,1,0,0:0:0:0:
448,192,111037,1,0,0:0:0:0:
192,192,111112,1,0,0:0:0:0:
64,192,111112,1,0,0:0:0:0:
448,192,111112,128,0,111562:0:0:0:0:
320,192,111262,1,0,0:0:0:0:
192,192,111412,1,0,0:0:0:0:
64,192,111412,1,0,0:0:0:0:
320,192,111562,128,0,112012:0:0:0:0:
64,192,111562,1,0,0:0:0:0:
192,192,111712,1,0,0:0:0:0:
448,192,111712,1,0,0:0:0:0:
64,192,111862,1,0,0:0:0:0:
448,192,112012,1,0,0:0:0:0:
192,192,112012,128,0,112162:0:0:0:0:
320,192,112162,1,0,0:0:0:0:
64,192,112162,128,0,113212:0:0:0:0:
448,192,112312,1,0,0:0:0:0:
192,192,112312,1,0,0:0:0:0:
448,192,112462,1,0,0:0:0:0:
320,192,112612,1,0,0:0:0:0:
192,192,112612,1,0,0:0:0:0:
320,192,112762,1,0,0:0:0:0:
192,192,112912,1,0,0:0:0:0:
448,192,112912,1,0,0:0:0:0:
192,192,113062,1,0,0:0:0:0:
320,192,113212,1,0,0:0:0:0:
448,192,113212,1,0,0:0:0:0:
192,192,113212,1,0,0:0:0:0:
448,192,113362,1,0,0:0:0:0:
320,192,113512,1,0,0:0:0:0:
64,192,113512,1,0,0:0:0:0:
192,192,113549,1,0,0:0:0:0:
448,192,113587,1,0,0:0:0:0:
64,192,113662,1,0,0:0:0:0:
192,192,113812,1,0,0:0:0:0:
320,192,113812,1,0,0:0:0:0:
448,192,113812,1,0,0:0:0:0:
320,192,113962,1,0,0:0:0:0:
192,192,114112,1,0,0:0:0:0:
448,192,114112,1,0,0:0:0:0:
64,192,114112,1,0,0:0:0:0:
192,192,114262,1,0,0:0:0:0:
448,192,114412,1,0,0:0:0:0:
320,192,114412,128,0,114562:0:0:0:0:
64,192,114412,128,0,114562:0:0:0:0:
448,192,114562,1,0,0:0:0:0:
320,192,114712,1,0,0:0:0:0:
192,192,114712,128,0,114862:0:0:0:0:
64,192,114712,128,0,114862:0:0:0:0:
320,192,114862,1,0,0:0:0:0:
192,192,115012,1,0,0:0:0:0:
320,192,115012,128,0,115162:0:0:0:0:
448,192,115012,128,0,115162:0:0:0:0:
192,192,115162,1,0,0:0:0:0:
64,192,115312,1,0,0:0:0:0:
192,192,115312,128,0,115462:0:0:0:0:
320,192,115312,128,0,115462:0:0:0:0:
64,192,115462,1,0,0:0:0:0:
320,192,115612,1,0,0:0:0:0:
448,192,115612,128,0,115912:0:0:0:0:
64,192,115612,1,0,0:0:0:0:
192,192,115687,1,0,0:0:0:0:
320,192,115762,1,0,0:0:0:0:
64,192,115837,1,0,0:0:0:0:
192,192,115912,1,0,0:0:0:0:
320,192,115912,1,0,0:0:0:0:
448,192,116062,1,0,0:0:0:0:
320,192,116212,1,0,0:0:0:0:
64,192,116212,1,0,0:0:0:0:
192,192,116362,1,0,0:0:0:0:
320,192,116362,1,0,0:0:0:0:
448,192,116362,1,0,0:0:0:0:
64,192,116512,1,0,0:0:0:0:
192,192,116662,1,0,0:0:0:0:
448,192,116662,1,0,0:0:0:0:
320,192,116812,1,0,0:0:0:0:
192,192,116812,1,0,0:0:0:0:
64,192,116812,1,0,0:0:0:0:
448,192,116962,1,0,0:0:0:0:
320,192,117112,1,0,0:0:0:0:
64,192,117112,1,0,0:0:0:0:
192,192,117262,1,0,0:0:0:0:
320,192,117262,1,0,0:0:0:0:
448,192,117262,1,0,0:0:0:0:
64,192,117412,1,0,0:0:0:0:
192,192,117562,1,0,0:0:0:0:
448,192,117562,1,0,0:0:0:0:
320,192,117712,1,0,0:0:0:0:
192,192,117712,1,0,0:0:0:0:
64,192,117712,1,0,0:0:0:0:
448,192,117762,1,0,0:0:0:0:
320,192,117812,1,0,0:0:0:0:
192,192,117862,1,0,0:0:0:0:
64,192,117912,1,0,0:0:0:0:
320,192,117962,1,0,0:0:0:0:
192,192,118012,1,0,0:0:0:0:
64,192,118012,1,0,0:0:0:0:
448,192,118012,128,0,118312:0:0:0:0:
64,192,118312,1,0,0:0:0:0:
192,192,118349,1,0,0:0:0:0:
320,192,118387,1,0,0:0:0:0:
448,192,118424,1,0,0:0:0:0:
64,192,118462,1,0,0:0:0:0:
192,192,118499,1,0,0:0:0:0:
320,192,118537,1,0,0:0:0:0:
448,192,118574,1,0,0:0:0:0:
64,192,118612,128,0,118649:0:0:0:0:
192,192,118649,128,0,118687:0:0:0:0:
320,192,118687,128,0,118724:0:0:0:0:
448,192,118724,128,0,118762:0:0:0:0:
64,192,118762,128,0,118799:0:0:0:0:
192,192,118799,128,0,118837:0:0:0:0:
320,192,118837,128,0,118874:0:0:0:0:
448,192,118874,128,0,118912:0:0:0:0:
64,192,118912,128,0,118987:0:0:0:0:
192,192,118949,128,0,119024:0:0:0:0:
320,192,118987,128,0,119062:0:0:0:0:
448,192,119024,128,0,119099:0:0:0:0:
64,192,119062,128,0,119137:0:0:0:0:
192,192,119099,128,0,119174:0:0:0:0:
320,192,119137,128,0,119212:0:0:0:0:
448,192,119174,128,0,119249:0:0:0:0:
64,192,119212,128,0,119287:0:0:0:0:
192,192,119249,128,0,119324:0:0:0:0:
320,192,119287,128,0,119362:0:0:0:0:
448,192,119324,128,0,119399:0:0:0:0:
64,192,119362,128,0,119474:0:0:0:0:
192,192,119399,128,0,119512:0:0:0:0:
320,192,119437,128,0,119549:0:0:0:0:
448,192,119474,128,0,119587:0:0:0:0:
64,192,119512,128,0,119624:0:0:0:0:
192,192,119549,128,0,119662:0:0:0:0:
320,192,119587,128,0,119699:0:0:0:0:
448,192,119624,128,0,119737:0:0:0:0:
64,192,119662,128,0,119774:0:0:0:0:
192,192,119699,128,0,119774:0:0:0:0:
320,192,119737,128,0,119812:0:0:0:0:
448,192,119774,128,0,119812:0:0:0:0:
192,192,119812,1,0,0:0:0:0:
64,192,119812,1,0,0:0:0:0:
320,192,119887,1,0,0:0:0:0:
192,192,119962,128,0,120037:0:0:0:0:
448,192,119962,128,0,120037:0:0:0:0:
320,192,120037,1,0,0:0:0:0:
448,192,120112,128,0,120187:0:0:0:0:
64,192,120112,128,0,120187:0:0:0:0:
192,192,120187,1,0,0:0:0:0:
320,192,120262,128,0,120337:0:0:0:0:
448,192,120262,128,0,120337:0:0:0:0:
64,192,120337,1,0,0:0:0:0:
192,192,120412,128,0,120487:0:0:0:0:
320,192,120412,128,0,120487:0:0:0:0:
448,192,120487,1,0,0:0:0:0:
64,192,120487,1,0,0:0:0:0:
192,192,120562,128,0,120637:0:0:0:0:
320,192,120562,128,0,120637:0:0:0:0:
448,192,120637,1,0,0:0:0:0:
192,192,120712,128,0,120862:0:0:0:0:
320,192,120712,128,0,120787:0:0:0:0:
64,192,120712,128,0,120787:0:0:0:0:
448,192,120787,128,0,120937:0:0:0:0:
320,192,120862,128,0,120937:0:0:0:0:
64,192,120862,128,0,121012:0:0:0:0:
192,192,120937,128,0,121087:0:0:0:0:
320,192,121012,128,0,121087:0:0:0:0:
448,192,121012,128,0,121162:0:0:0:0:
64,192,121087,128,0,121237:0:0:0:0:
192,192,121162,128,0,121312:0:0:0:0:
320,192,121162,128,0,121237:0:0:0:0:
448,192,121237,128,0,121462:0:0:0:0:
320,192,121312,128,0,121387:0:0:0:0:
64,192,121312,128,0,121387:0:0:0:0:
192,192,121387,128,0,121537:0:0:0:0:
320,192,121462,128,0,121687:0:0:0:0:
64,192,121462,128,0,121537:0:0:0:0:
448,192,121537,128,0,121612:0:0:0:0:
192,192,121612,128,0,121762:0:0:0:0:
64,192,121612,128,0,121687:0:0:0:0:
448,192,121687,128,0,121837:0:0:0:0:
320,192,121762,128,0,121912:0:0:0:0:
64,192,121762,128,0,121837:0:0:0:0:
192,192,121837,128,0,121987:0:0:0:0:
64,192,121912,128,0,121987:0:0:0:0:
448,192,121912,128,0,121987:0:0:0:0:
320,192,121987,128,0,122062:0:0:0:0:
448,192,122062,128,0,122212:0:0:0:0:
192,192,122062,128,0,122137:0:0:0:0:
64,192,122062,128,0,122137:0:0:0:0:
320,192,122137,128,0,122287:0:0:0:0:
192,192,122212,128,0,122287:0:0:0:0:
64,192,122212,128,0,122437:0:0:0:0:
448,192,122287,128,0,122362:0:0:0:0:
320,192,122362,128,0,122437:0:0:0:0:
192,192,122362,128,0,122512:0:0:0:0:
448,192,122437,128,0,122587:0:0:0:0:
320,192,122512,128,0,122662:0:0:0:0:
64,192,122512,128,0,122587:0:0:0:0:
192,192,122587,128,0,122812:0:0:0:0:
64,192,122662,128,0,122737:0:0:0:0:
448,192,122662,128,0,122737:0:0:0:0:
320,192,122737,128,0,122887:0:0:0:0:
448,192,122812,128,0,122962:0:0:0:0:
64,192,122812,128,0,123037:0:0:0:0:
192,192,122887,128,0,123037:0:0:0:0:
320,192,122962,128,0,123037:0:0:0:0:
448,192,123037,128,0,123112:0:0:0:0:
192,192,123112,128,0,123187:0:0:0:0:
320,192,123112,128,0,123187:0:0:0:0:
64,192,123112,128,0,123262:0:0:0:0:
448,192,123187,128,0,123337:0:0:0:0:
192,192,123262,128,0,123412:0:0:0:0:
320,192,123262,128,0,123337:0:0:0:0:
64,192,123337,128,0,123487:0:0:0:0:
320,192,123412,128,0,123487:0:0:0:0:
448,192,123412,128,0,123487:0:0:0:0:
192,192,123487,128,0,123562:0:0:0:0:
320,192,123562,128,0,123712:0:0:0:0:
448,192,123562,128,0,123637:0:0:0:0:
64,192,123562,128,0,123637:0:0:0:0:
192,192,123637,128,0,123787:0:0:0:0:
64,192,123712,128,0,123862:0:0:0:0:
448,192,123712,128,0,123787:0:0:0:0:
320,192,123787,128,0,123937:0:0:0:0:
192,192,123862,128,0,123937:0:0:0:0:
448,192,123862,128,0,124012:0:0:0:0:
64,192,123937,128,0,124087:0:0:0:0:
192,192,124012,128,0,124162:0:0:0:0:
320,192,124012,128,0,124087:0:0:0:0:
448,192,124087,128,0,124237:0:0:0:0:
320,192,124162,128,0,124387:0:0:0:0:
64,192,124162,128,0,124237:0:0:0:0:
192,192,124237,128,0,124312:0:0:0:0:
448,192,124312,128,0,124387:0:0:0:0:
64,192,124312,128,0,124462:0:0:0:0:
192,192,124387,128,0,124537:0:0:0:0:
320,192,124462,128,0,124537:0:0:0:0:
448,192,124462,128,0,124612:0:0:0:0:
64,192,124537,128,0,124687:0:0:0:0:
192,192,124612,128,0,124687:0:0:0:0:
320,192,124612,128,0,124762:0:0:0:0:
448,192,124687,128,0,124837:0:0:0:0:
192,192,124762,128,0,124987:0:0:0:0:
64,192,124762,128,0,124837:0:0:0:0:
320,192,124837,128,0,124912:0:0:0:0:
64,192,124912,128,0,124987:0:0:0:0:
448,192,124912,128,0,125062:0:0:0:0:
320,192,124987,128,0,125137:0:0:0:0:
192,192,125062,128,0,125137:0:0:0:0:
64,192,125062,128,0,125212:0:0:0:0:
448,192,125137,128,0,125287:0:0:0:0:
192,192,125212,128,0,125362:0:0:0:0:
320,192,125212,128,0,125287:0:0:0:0:
64,192,125287,128,0,125437:0:0:0:0:
320,192,125362,128,0,125512:0:0:0:0:
448,192,125362,128,0,125437:0:0:0:0:
192,192,125437,128,0,125512:0:0:0:0:
64,192,125512,1,0,0:0:0:0:
448,192,125512,128,0,125612:0:0:0:0:
320,192,125562,128,0,125662:0:0:0:0:
192,192,125612,128,0,125712:0:0:0:0:
64,192,125662,128,0,125762:0:0:0:0:
448,192,125712,128,0,125812:0:0:0:0:
320,192,125762,1,0,0:0:0:0:
64,192,125812,1,0,0:0:0:0:
192,192,125812,128,0,125912:0:0:0:0:
320,192,125862,128,0,125962:0:0:0:0:
448,192,125912,128,0,126012:0:0:0:0:
64,192,125962,128,0,126062:0:0:0:0:
192,192,126012,128,0,126112:0:0:0:0:
320,192,126062,128,0,126162:0:0:0:0:
448,192,126112,128,0,126212:0:0:0:0:
64,192,126162,1,0,0:0:0:0:
192,192,126212,1,0,0:0:0:0:
64,192,126262,128,0,126337:0:0:0:0:
320,192,126262,128,0,126412:0:0:0:0:
448,192,126262,128,0,126337:0:0:0:0:
192,192,126337,128,0,126487:0:0:0:0:
64,192,126412,128,0,126487:0:0:0:0:
448,192,126412,128,0,126487:0:0:0:0:
320,192,126487,128,0,126562:0:0:0:0:
448,192,126562,128,0,126637:0:0:0:0:
64,192,126562,128,0,126637:0:0:0:0:
192,192,126562,128,0,126787:0:0:0:0:
320,192,126637,128,0,126712:0:0:0:0:
64,192,126712,128,0,126937:0:0:0:0:
448,192,126712,128,0,126787:0:0:0:0:
320,192,126787,128,0,126862:0:0:0:0:
192,192,126862,128,0,126937:0:0:0:0:
448,192,126862,128,0,127087:0:0:0:0:
320,192,126937,128,0,127012:0:0:0:0:
192,192,127012,128,0,127162:0:0:0:0:
64,192,127012,128,0,127087:0:0:0:0:
320,192,127087,128,0,127237:0:0:0:0:
448,192,127162,128,0,127312:0:0:0:0:
64,192,127162,128,0,127237:0:0:0:0:
192,192,127237,128,0,127387:0:0:0:0:
64,192,127312,128,0,127387:0:0:0:0:
320,192,127312,128,0,127462:0:0:0:0:
448,192,127387,128,0,127537:0:0:0:0:
192,192,127462,128,0,127612:0:0:0:0:
64,192,127462,128,0,127537:0:0:0:0:
320,192,127537,128,0,127687:0:0:0:0:
448,192,127612,128,0,127687:0:0:0:0:
64,192,127612,128,0,127762:0:0:0:0:
192,192,127687,128,0,127837:0:0:0:0:
320,192,127762,128,0,127837:0:0:0:0:
448,192,127762,128,0,127837:0:0:0:0:
64,192,127837,1,0,0:0:0:0:
192,192,127912,128,0,127987:0:0:0:0:
320,192,127912,128,0,128062:0:0:0:0:
448,192,127912,128,0,128062:0:0:0:0:
64,192,127987,1,0,0:0:0:0:
192,192,128062,1,0,0:0:0:0:
448,192,128137,1,0,0:0:0:0:
320,192,128212,128,0,128287:0:0:0:0:
192,192,128212,128,0,128362:0:0:0:0:
64,192,128212,128,0,128362:0:0:0:0:
448,192,128287,1,0,0:0:0:0:
320,192,128362,1,0,0:0:0:0:
64,192,128437,1,0,0:0:0:0:
192,192,128512,128,0,128587:0:0:0:0:
320,192,128512,128,0,128662:0:0:0:0:
448,192,128512,128,0,128662:0:0:0:0:
64,192,128587,1,0,0:0:0:0:
192,192,128662,1,0,0:0:0:0:
448,192,128737,1,0,0:0:0:0:
192,192,128812,128,0,128887:0:0:0:0:
64,192,128812,128,0,128887:0:0:0:0:
320,192,128812,128,0,128962:0:0:0:0:
448,192,128887,1,0,0:0:0:0:
192,192,128962,128,0,129037:0:0:0:0:
64,192,128962,128,0,129037:0:0:0:0:
320,192,129037,128,0,129112:0:0:0:0:
192,192,129112,128,0,129262:0:0:0:0:
64,192,129112,128,0,129187:0:0:0:0:
448,192,129112,128,0,129262:0:0:0:0:
320,192,129187,128,0,129337:0:0:0:0:
64,192,129262,128,0,129337:0:0:0:0:
192,192,129337,128,0,129487:0:0:0:0:
448,192,129337,128,0,129412:0:0:0:0:
64,192,129412,128,0,129487:0:0:0:0:
320,192,129412,128,0,129562:0:0:0:0:
448,192,129487,128,0,129637:0:0:0:0:
192,192,129562,128,0,129637:0:0:0:0:
64,192,129562,128,0,129637:0:0:0:0:
320,192,129637,1,0,0:0:0:0:
448,192,129712,1,0,0:0:0:0:
192,192,129712,1,0,0:0:0:0:
64,192,129712,1,0,0:0:0:0:
320,192,129787,1,0,0:0:0:0:
192,192,129862,1,0,0:0:0:0:
64,192,129937,1,0,0:0:0:0:
192,192,130012,128,0,130049:0:0:0:0:
448,192,130012,128,0,130124:0:0:0:0:
320,192,130049,128,0,130087:0:0:0:0:
64,192,130087,128,0,130162:0:0:0:0:
192,192,130124,128,0,130199:0:0:0:0:
320,192,130162,128,0,130237:0:0:0:0:
448,192,130199,128,0,130237:0:0:0:0:
64,192,130237,128,0,130312:0:0:0:0:
192,192,130274,128,0,130312:0:0:0:0:
320,192,130312,128,0,130537:0:0:0:0:
448,192,130312,128,0,130462:0:0:0:0:
192,192,130387,128,0,130537:0:0:0:0:
64,192,130462,128,0,130537:0:0:0:0:
448,192,130537,128,0,130612:0:0:0:0:
192,192,130612,128,0,130687:0:0:0:0:
320,192,130612,128,0,130687:0:0:0:0:
64,192,130612,128,0,130762:0:0:0:0:
448,192,130687,128,0,130837:0:0:0:0:
192,192,130762,128,0,130837:0:0:0:0:
320,192,130762,128,0,130912:0:0:0:0:
64,192,130837,128,0,130987:0:0:0:0:
192,192,130912,128,0,131062:0:0:0:0:
448,192,130912,128,0,130987:0:0:0:0:
320,192,130987,128,0,131137:0:0:0:0:
448,192,131062,128,0,131137:0:0:0:0:
64,192,131062,128,0,131287:0:0:0:0:
192,192,131137,128,0,131212:0:0:0:0:
320,192,131212,128,0,131287:0:0:0:0:
448,192,131212,128,0,131362:0:0:0:0:
192,192,131287,128,0,131437:0:0:0:0:
320,192,131362,128,0,131512:0:0:0:0:
64,192,131362,128,0,131437:0:0:0:0:
448,192,131437,128,0,131587:0:0:0:0:
192,192,131512,128,0,131662:0:0:0:0:
64,192,131512,128,0,131587:0:0:0:0:
320,192,131587,128,0,131737:0:0:0:0:
448,192,131662,128,0,131737:0:0:0:0:
64,192,131662,128,0,131887:0:0:0:0:
192,192,131737,128,0,131812:0:0:0:0:
320,192,131812,128,0,131962:0:0:0:0:
448,192,131812,128,0,131887:0:0:0:0:
192,192,131887,128,0,132037:0:0:0:0:
64,192,131962,128,0,132037:0:0:0:0:
448,192,131962,128,0,132187:0:0:0:0:
320,192,132037,128,0,132112:0:0:0:0:
192,192,132112,128,0,132337:0:0:0:0:
64,192,132112,128,0,132262:0:0:0:0:
320,192,132187,128,0,132337:0:0:0:0:
448,192,132262,128,0,132337:0:0:0:0:
64,192,132337,128,0,132412:0:0:0:0:
192,192,132412,128,0,132487:0:0:0:0:
320,192,132412,128,0,132562:0:0:0:0:
448,192,132412,128,0,132637:0:0:0:0:
64,192,132487,128,0,132637:0:0:0:0:
192,192,132562,128,0,132637:0:0:0:0:
320,192,132637,128,0,132712:0:0:0:0:
192,192,132712,128,0,132862:0:0:0:0:
448,192,132712,128,0,132787:0:0:0:0:
64,192,132712,128,0,132787:0:0:0:0:
320,192,132787,128,0,132937:0:0:0:0:
448,192,132862,128,0,132937:0:0:0:0:
64,192,132862,128,0,133087:0:0:0:0:
192,192,132937,128,0,133012:0:0:0:0:
320,192,133012,128,0,133087:0:0:0:0:
448,192,133012,128,0,133087:0:0:0:0:
192,192,133087,128,0,133162:0:0:0:0:
320,192,133162,128,0,133312:0:0:0:0:
64,192,133162,128,0,133237:0:0:0:0:
448,192,133162,128,0,133237:0:0:0:0:
192,192,133237,128,0,133387:0:0:0:0:
64,192,133312,128,0,133387:0:0:0:0:
448,192,133312,128,0,133537:0:0:0:0:
320,192,133387,128,0,133462:0:0:0:0:
192,192,133462,128,0,133537:0:0:0:0:
64,192,133462,128,0,133687:0:0:0:0:
320,192,133537,128,0,133612:0:0:0:0:
192,192,133612,128,0,133762:0:0:0:0:
448,192,133612,128,0,133687:0:0:0:0:
320,192,133687,128,0,133762:0:0:0:0:
448,192,133762,1,0,0:0:0:0:
64,192,133762,128,0,133837:0:0:0:0:
192,192,133799,128,0,133874:0:0:0:0:
320,192,133837,128,0,133912:0:0:0:0:
448,192,133874,128,0,133912:0:0:0:0:
64,192,133912,128,0,133987:0:0:0:0:
192,192,133949,128,0,134062:0:0:0:0:
320,192,133987,128,0,134062:0:0:0:0:
448,192,134024,128,0,134062:0:0:0:0:
64,192,134062,128,0,134212:0:0:0:0:
192,192,134137,128,0,134287:0:0:0:0:
320,192,134212,128,0,134287:0:0:0:0:
448,192,134212,128,0,134362:0:0:0:0:
64,192,134287,128,0,134437:0:0:0:0:
192,192,134362,128,0,134437:0:0:0:0:
320,192,134362,128,0,134512:0:0:0:0:
448,192,134437,128,0,134587:0:0:0:0:
192,192,134512,128,0,134662:0:0:0:0:
64,192,134512,128,0,134587:0:0:0:0:
320,192,134587,128,0,134737:0:0:0:0:
448,192,134662,128,0,134737:0:0:0:0:
64,192,134662,128,0,134812:0:0:0:0:
192,192,134737,128,0,134887:0:0:0:0:
320,192,134812,128,0,134887:0:0:0:0:
448,192,134812,128,0,134962:0:0:0:0:
64,192,134887,128,0,135037:0:0:0:0:
192,192,134962,128,0,135037:0:0:0:0:
320,192,134962,128,0,135112:0:0:0:0:
448,192,135037,128,0,135112:0:0:0:0:
192,192,135112,1,0,0:0:0:0:
64,192,135112,1,0,0:0:0:0:
320,192,135162,128,0,135262:0:0:0:0:
448,192,135212,128,0,135312:0:0:0:0:
64,192,135262,1,0,0:0:0:0:
192,192,135312,128,0,135412:0:0:0:0:
320,192,135362,128,0,135462:0:0:0:0:
448,192,135412,1,0,0:0:0:0:
64,192,135462,128,0,135562:0:0:0:0:
192,192,135512,128,0,135612:0:0:0:0:
448,192,135562,128,0,135662:0:0:0:0:
320,192,135612,128,0,135712:0:0:0:0:
192,192,135662,128,0,135762:0:0:0:0:
64,192,135712,128,0,135812:0:0:0:0:
448,192,135812,1,0,0:0:0:0:
192,192,135862,128,0,135937:0:0:0:0:
320,192,135862,128,0,136012:0:0:0:0:
64,192,135937,128,0,136087:0:0:0:0:
192,192,136012,128,0,136162:0:0:0:0:
448,192,136012,128,0,136087:0:0:0:0:
320,192,136087,128,0,136237:0:0:0:0:
448,192,136162,128,0,136237:0:0:0:0:
64,192,136162,128,0,136237:0:0:0:0:
192,192,136237,128,0,136312:0:0:0:0:
320,192,136312,128,0,136387:0:0:0:0:
448,192,136312,128,0,136462:0:0:0:0:
64,192,136312,128,0,136387:0:0:0:0:
192,192,136387,128,0,136537:0:0:0:0:
320,192,136462,128,0,136612:0:0:0:0:
64,192,136462,128,0,136537:0:0:0:0:
448,192,136537,128,0,136687:0:0:0:0:
192,192,136612,128,0,136687:0:0:0:0:
64,192,136612,128,0,136837:0:0:0:0:
320,192,136687,128,0,136762:0:0:0:0:
192,192,136762,128,0,136912:0:0:0:0:
448,192,136762,128,0,136837:0:0:0:0:
320,192,136837,128,0,136987:0:0:0:0:
448,192,136912,128,0,136987:0:0:0:0:
64,192,136912,128,0,137062:0:0:0:0:
192,192,136987,128,0,137137:0:0:0:0:
320,192,137062,128,0,137137:0:0:0:0:
448,192,137062,128,0,137212:0:0:0:0:
64,192,137137,128,0,137437:0:0:0:0:
192,192,137212,128,0,137362:0:0:0:0:
320,192,137212,128,0,137287:0:0:0:0:
448,192,137287,128,0,137437:0:0:0:0:
320,192,137362,128,0,137437:0:0:0:0:
192,192,137437,128,0,137512:0:0:0:0:
320,192,137512,128,0,137587:0:0:0:0:
448,192,137512,128,0,137662:0:0:0:0:
64,192,137512,128,0,137662:0:0:0:0:
192,192,137587,1,0,0:0:0:0:
320,192,137662,1,0,0:0:0:0:
64,192,137737,1,0,0:0:0:0:
320,192,137812,128,0,137887:0:0:0:0:
448,192,137812,128,0,137962:0:0:0:0:
192,192,137812,128,0,137962:0:0:0:0:
64,192,137887,1,0,0:0:0:0:
320,192,137962,1,0,0:0:0:0:
192,192,138037,1,0,0:0:0:0:
320,192,138112,128,0,138262:0:0:0:0:
64,192,138112,128,0,138187:0:0:0:0:
448,192,138112,128,0,138262:0:0:0:0:
192,192,138187,1,0,0:0:0:0:
64,192,138262,1,0,0:0:0:0:
448,192,138337,1,0,0:0:0:0:
192,192,138412,128,0,138487:0:0:0:0:
64,192,138412,128,0,138562:0:0:0:0:
320,192,138412,128,0,138562:0:0:0:0:
448,192,138487,1,0,0:0:0:0:
192,192,138562,1,0,0:0:0:0:
320,192,138637,1,0,0:0:0:0:
448,192,138637,1,0,0:0:0:0:
192,192,138712,1,0,0:0:0:0:
64,192,138712,1,0,0:0:0:0:
448,192,138712,128,0,138862:0:0:0:0:
320,192,138787,128,0,138937:0:0:0:0:
192,192,138862,128,0,139012:0:0:0:0:
64,192,138937,128,0,139012:0:0:0:0:
448,192,139012,128,0,139162:0:0:0:0:
320,192,139012,128,0,139087:0:0:0:0:
320,192,139162,128,0,139312:0:0:0:0:
192,192,139162,128,0,139237:0:0:0:0:
64,192,139162,128,0,139237:0:0:0:0:
192,192,139312,128,0,139462:0:0:0:0:
64,192,139312,128,0,139387:0:0:0:0:
448,192,139312,128,0,139387:0:0:0:0:
64,192,139462,128,0,139612:0:0:0:0:
320,192,139462,128,0,139537:0:0:0:0:
448,192,139462,128,0,139537:0:0:0:0:
192,192,139612,128,0,139762:0:0:0:0:
320,192,139612,128,0,139687:0:0:0:0:
448,192,139612,128,0,139687:0:0:0:0:
320,192,139762,128,0,139912:0:0:0:0:
448,192,139762,128,0,139837:0:0:0:0:
64,192,139762,128,0,139837:0:0:0:0:
448,192,139912,1,0,0:0:0:0:
64,192,139912,128,0,139987:0:0:0:0:
192,192,139949,128,0,140024:0:0:0:0:
320,192,139987,128,0,140062:0:0:0:0:
448,192,140024,128,0,140099:0:0:0:0:
64,192,140062,128,0,140137:0:0:0:0:
192,192,140099,128,0,140137:0:0:0:0:
320,192,140137,128,0,140212:0:0:0:0:
448,192,140174,128,0,140212:0:0:0:0:
64,192,140212,1,0,0:0:0:0:
192,192,140212,128,0,140312:0:0:0:0:
320,192,140262,128,0,140362:0:0:0:0:
448,192,140312,128,0,140412:0:0:0:0:
64,192,140362,128,0,140462:0:0:0:0:
192,192,140412,128,0,140512:0:0:0:0:
320,192,140462,128,0,140562:0:0:0:0:
64,192,140562,128,0,140662:0:0:0:0:
448,192,140612,128,0,140712:0:0:0:0:
320,192,140662,128,0,140762:0:0:0:0:
192,192,140712,128,0,140812:0:0:0:0:
64,192,140812,1,0,0:0:0:0:
448,192,140812,128,0,140887:0:0:0:0:
320,192,140849,128,0,140887:0:0:0:0:
192,192,140887,128,0,140962:0:0:0:0:
64,192,140924,128,0,140999:0:0:0:0:
448,192,140962,128,0,141037:0:0:0:0:
320,192,140962,128,0,141037:0:0:0:0:
192,192,141037,128,0,141112:0:0:0:0:
64,192,141112,1,0,0:0:0:0:
448,192,141112,128,0,141212:0:0:0:0:
320,192,141162,128,0,141262:0:0:0:0:
192,192,141212,128,0,141312:0:0:0:0:
448,192,141312,128,0,141412:0:0:0:0:
64,192,141362,128,0,141462:0:0:0:0:
192,192,141412,128,0,141512:0:0:0:0:
320,192,141412,128,0,141512:0:0:0:0:
448,192,141462,128,0,141562:0:0:0:0:
64,192,141562,128,0,141637:0:0:0:0:
192,192,141599,128,0,141674:0:0:0:0:
448,192,141637,128,0,141712:0:0:0:0:
320,192,141674,128,0,141749:0:0:0:0:
64,192,141712,128,0,141787:0:0:0:0:
192,192,141749,128,0,141824:0:0:0:0:
448,192,141787,128,0,141862:0:0:0:0:
320,192,141824,128,0,141899:0:0:0:0:
64,192,141862,128,0,141937:0:0:0:0:
192,192,141899,128,0,141937:0:0:0:0:
448,192,141937,128,0,142012:0:0:0:0:
320,192,141974,128,0,142012:0:0:0:0:
192,192,142012,128,0,142112:0:0:0:0:
64,192,142012,128,0,142062:0:0:0:0:
320,192,142062,128,0,142162:0:0:0:0:
448,192,142112,128,0,142212:0:0:0:0:
64,192,142162,128,0,142262:0:0:0:0:
192,192,142212,128,0,142312:0:0:0:0:
320,192,142262,128,0,142312:0:0:0:0:
448,192,142312,128,0,142412:0:0:0:0:
320,192,142362,128,0,142462:0:0:0:0:
192,192,142412,128,0,142512:0:0:0:0:
64,192,142462,128,0,142562:0:0:0:0:
448,192,142512,128,0,142762:0:0:0:0:
320,192,142562,128,0,142712:0:0:0:0:
192,192,142612,128,0,142662:0:0:0:0:
64,192,142612,128,0,142662:0:0:0:0:
64,192,142712,128,0,142812:0:0:0:0:
192,192,142762,128,0,142862:0:0:0:0:
320,192,142812,128,0,142912:0:0:0:0:
448,192,142862,128,0,142962:0:0:0:0:
192,192,142912,128,0,143062:0:0:0:0:
64,192,142912,128,0,142987:0:0:0:0:
320,192,142987,128,0,143137:0:0:0:0:
448,192,143062,128,0,143137:0:0:0:0:
64,192,143062,128,0,143287:0:0:0:0:
192,192,143137,128,0,143212:0:0:0:0:
448,192,143212,128,0,143287:0:0:0:0:
320,192,143212,128,0,143362:0:0:0:0:
192,192,143287,1,0,0:0:0:0:
448,192,143362,1,0,0:0:0:0:
64,192,143362,128,0,143437:0:0:0:0:
192,192,143399,128,0,143437:0:0:0:0:
320,192,143437,128,0,143512:0:0:0:0:
448,192,143474,128,0,143512:0:0:0:0:
192,192,143512,128,0,143662:0:0:0:0:
64,192,143512,128,0,143587:0:0:0:0:
320,192,143587,128,0,143624:0:0:0:0:
448,192,143662,128,0,143737:0:0:0:0:
64,192,143662,128,0,143699:0:0:0:0:
320,192,143699,128,0,143737:0:0:0:0:
192,192,143737,128,0,143812:0:0:0:0:
64,192,143774,128,0,143812:0:0:0:0:
448,192,143812,128,0,143887:0:0:0:0:
320,192,143812,128,0,143887:0:0:0:0:
64,192,143887,128,0,143962:0:0:0:0:
448,192,143962,128,0,144412:0:0:0:0:
192,192,143962,128,0,144037:0:0:0:0:
320,192,143962,128,0,144037:0:0:0:0:
64,192,144037,128,0,144112:0:0:0:0:
192,192,144112,128,0,144187:0:0:0:0:
320,192,144187,128,0,144262:0:0:0:0:
64,192,144262,128,0,144337:0:0:0:0:
192,192,144337,128,0,144412:0:0:0:0:
64,192,144412,128,0,144512:0:0:0:0:
320,192,144412,1,0,0:0:0:0:
192,192,144462,128,0,144562:0:0:0:0:
320,192,144512,128,0,144612:0:0:0:0:
448,192,144562,128,0,144662:0:0:0:0:
64,192,144562,1,0,0:0:0:0:
192,192,144612,1,0,0:0:0:0:
320,192,144662,1,0,0:0:0:0:
448,192,144712,1,0,0:0:0:0:
64,192,144712,128,0,144787:0:0:0:0:
192,192,144749,128,0,144824:0:0:0:0:
320,192,144787,128,0,144862:0:0:0:0:
448,192,144824,128,0,144899:0:0:0:0:
192,192,144862,128,0,144937:0:0:0:0:
64,192,144899,128,0,144974:0:0:0:0:
320,192,144937,128,0,145012:0:0:0:0:
448,192,144974,128,0,145049:0:0:0:0:
64,192,145012,128,0,145087:0:0:0:0:
192,192,145049,128,0,145124:0:0:0:0:
448,192,145087,128,0,145162:0:0:0:0:
320,192,145124,128,0,145199:0:0:0:0:
64,192,145162,128,0,145237:0:0:0:0:
192,192,145199,128,0,145274:0:0:0:0:
320,192,145237,128,0,145312:0:0:0:0:
448,192,145274,128,0,145349:0:0:0:0:
192,192,145312,128,0,145387:0:0:0:0:
64,192,145349,128,0,145424:0:0:0:0:
320,192,145387,128,0,145462:0:0:0:0:
448,192,145424,128,0,145499:0:0:0:0:
64,192,145462,128,0,145537:0:0:0:0:
192,192,145499,128,0,145574:0:0:0:0:
448,192,145537,128,0,145612:0:0:0:0:
320,192,145574,128,0,145649:0:0:0:0:
64,192,145612,128,0,145687:0:0:0:0:
192,192,145649,128,0,145724:0:0:0:0:
320,192,145687,128,0,145762:0:0:0:0:
448,192,145724,128,0,145799:0:0:0:0:
64,192,145762,128,0,145837:0:0:0:0:
192,192,145799,128,0,145874:0:0:0:0:
448,192,145837,128,0,145912:0:0:0:0:
320,192,145874,128,0,145949:0:0:0:0:
192,192,145912,128,0,145987:0:0:0:0:
64,192,145949,128,0,146024:0:0:0:0:
448,192,145987,128,0,146062:0:0:0:0:
320,192,146024,128,0,146099:0:0:0:0:
64,192,146062,128,0,146137:0:0:0:0:
192,192,146099,128,0,146174:0:0:0:0:
320,192,146174,128,0,146249:0:0:0:0:
448,192,146212,128,0,146287:0:0:0:0:
192,192,146249,128,0,146324:0:0:0:0:
64,192,146287,128,0,146362:0:0:0:0:
448,192,146324,128,0,146399:0:0:0:0:
320,192,146362,128,0,146437:0:0:0:0:
192,192,146399,128,0,146474:0:0:0:0:
64,192,146437,128,0,146512:0:0:0:0:
320,192,146474,128,0,146549:0:0:0:0:
448,192,146512,128,0,146587:0:0:0:0:
192,192,146549,128,0,146624:0:0:0:0:
64,192,146587,128,0,146662:0:0:0:0:
448,192,146624,128,0,146699:0:0:0:0:
320,192,146662,128,0,146737:0:0:0:0:
64,192,146699,128,0,146774:0:0:0:0:
192,192,146737,128,0,146812:0:0:0:0:
448,192,146812,128,0,146887:0:0:0:0:
320,192,146849,128,0,146924:0:0:0:0:
192,192,146887,128,0,146962:0:0:0:0:
64,192,146924,128,0,146999:0:0:0:0:
448,192,146962,1,0,0:0:0:0:
320,192,146999,1,0,0:0:0:0:
192,192,147037,1,0,0:0:0:0:
64,192,147074,1,0,0:0:0:0:
320,192,147112,128,0,147262:0:0:0:0:
448,192,147112,128,0,147187:0:0:0:0:
192,192,147187,128,0,147337:0:0:0:0:
64,192,147262,128,0,147337:0:0:0:0:
448,192,147262,128,0,147337:0:0:0:0:
320,192,147337,128,0,147412:0:0:0:0:
448,192,147412,128,0,147637:0:0:0:0:
192,192,147412,128,0,147487:0:0:0:0:
64,192,147412,128,0,147487:0:0:0:0:
320,192,147487,128,0,147562:0:0:0:0:
64,192,147562,128,0,147637:0:0:0:0:
192,192,147562,128,0,147712:0:0:0:0:
320,192,147637,128,0,147787:0:0:0:0:
448,192,147712,128,0,147862:0:0:0:0:
64,192,147712,128,0,147787:0:0:0:0:
192,192,147787,128,0,147937:0:0:0:0:
320,192,147862,128,0,148087:0:0:0:0:
64,192,147862,128,0,147937:0:0:0:0:
448,192,147937,128,0,148012:0:0:0:0:
192,192,148012,128,0,148087:0:0:0:0:
64,192,148012,128,0,148162:0:0:0:0:
448,192,148087,128,0,148237:0:0:0:0:
320,192,148162,128,0,148237:0:0:0:0:
192,192,148162,128,0,148312:0:0:0:0:
64,192,148237,128,0,148312:0:0:0:0:
320,192,148312,128,0,148387:0:0:0:0:
448,192,148312,128,0,148387:0:0:0:0:
192,192,148387,128,0,148537:0:0:0:0:
64,192,148387,128,0,148462:0:0:0:0:
320,192,148462,128,0,148612:0:0:0:0:
448,192,148462,128,0,148537:0:0:0:0:
64,192,148537,128,0,148762:0:0:0:0:
192,192,148612,128,0,148687:0:0:0:0:
448,192,148612,128,0,148687:0:0:0:0:
320,192,148687,128,0,148837:0:0:0:0:
448,192,148762,128,0,148837:0:0:0:0:
192,192,148762,128,0,148912:0:0:0:0:
64,192,148837,128,0,148912:0:0:0:0:
448,192,148912,1,0,0:0:0:0:
320,192,148912,1,0,0:0:0:0:
320,192,149012,1,0,0:0:0:0:
192,192,149012,1,0,0:0:0:0:
64,192,149112,1,0,0:0:0:0:
192,192,149212,1,0,0:0:0:0:
448,192,149212,1,0,0:0:0:0:
320,192,149312,1,0,0:0:0:0:
448,192,149412,1,0,0:0:0:0:
64,192,149412,1,0,0:0:0:0:
320,192,149512,1,0,0:0:0:0:
192,192,149512,1,0,0:0:0:0:
448,192,149812,1,0,0:0:0:0:
320,192,150112,1,0,0:0:0:0:
64,192,150112,1,0,0:0:0:0:
192,192,150412,1,0,0:0:0:0:
320,192,150562,1,0,0:0:0:0:
448,192,150712,1,0,0:0:0:0:
64,192,150712,1,0,0:0:0:0:
192,192,151012,1,0,0:0:0:0:
320,192,151012,1,0,0:0:0:0:
64,192,151162,1,0,0:0:0:0:
192,192,151312,1,0,0:0:0:0:
448,192,151312,1,0,0:0:0:0:
64,192,151612,1,0,0:0:0:0:
448,192,151612,1,0,0:0:0:0:
320,192,151912,1,0,0:0:0:0:
64,192,151912,1,0,0:0:0:0:
192,192,152212,1,0,0:0:0:0:
320,192,152512,1,0,0:0:0:0:
448,192,152512,1,0,0:0:0:0:
64,192,152512,1,0,0:0:0:0:
192,192,152812,1,0,0:0:0:0:
320,192,152962,1,0,0:0:0:0:
192,192,153112,1,0,0:0:0:0:
64,192,153112,1,0,0:0:0:0:
320,192,153412,1,0,0:0:0:0:
448,192,153712,1,0,0:0:0:0:
192,192,153712,1,0,0:0:0:0:
64,192,153712,1,0,0:0:0:0:
448,192,154012,1,0,0:0:0:0:
320,192,154312,1,0,0:0:0:0:
192,192,154312,1,0,0:0:0:0:
64,192,154312,1,0,0:0:0:0:
192,192,154612,1,0,0:0:0:0:
320,192,154912,1,0,0:0:0:0:
64,192,154912,1,0,0:0:0:0:
192,192,155212,1,0,0:0:0:0:
320,192,155512,1,0,0:0:0:0:
448,192,155512,1,0,0:0:0:0:
192,192,155812,1,0,0:0:0:0:
64,192,155962,1,0,0:0:0:0:
320,192,156112,1,0,0:0:0:0:
192,192,156112,1,0,0:0:0:0:
448,192,156412,1,0,0:0:0:0:
320,192,156712,1,0,0:0:0:0:
64,192,156712,1,0,0:0:0:0:
192,192,157012,1,0,0:0:0:0:
320,192,157312,1,0,0:0:0:0:
448,192,157312,1,0,0:0:0:0:
192,192,157612,1,0,0:0:0:0:
64,192,157612,1,0,0:0:0:0:
320,192,157762,1,0,0:0:0:0:
448,192,157762,1,0,0:0:0:0:
448,192,157912,1,0,0:0:0:0:
64,192,157912,1,0,0:0:0:0:
448,192,158212,1,0,0:0:0:0:
192,192,158212,1,0,0:0:0:0:
320,192,158512,1,0,0:0:0:0:
448,192,158512,1,0,0:0:0:0:
448,192,158812,1,0,0:0:0:0:
64,192,158812,1,0,0:0:0:0:
320,192,158962,1,0,0:0:0:0:
64,192,158962,1,0,0:0:0:0:
192,192,159112,1,0,0:0:0:0:
64,192,159112,1,0,0:0:0:0:
320,192,159412,1,0,0:0:0:0:
320,192,159562,1,0,0:0:0:0:
448,192,159712,1,0,0:0:0:0:
64,192,159712,1,0,0:0:0:0:
192,192,160012,1,0,0:0:0:0:
320,192,160012,1,0,0:0:0:0:
320,192,160237,1,0,0:0:0:0:
448,192,160312,1,0,0:0:0:0:
192,192,160312,1,0,0:0:0:0:
320,192,160612,1,0,0:0:0:0:
192,192,160912,1,0,0:0:0:0:
64,192,160912,1,0,0:0:0:0:
320,192,161212,1,0,0:0:0:0:
448,192,161512,1,0,0:0:0:0:
64,192,161512,1,0,0:0:0:0:
192,192,161812,1,0,0:0:0:0:
320,192,162112,1,0,0:0:0:0:
448,192,162112,1,0,0:0:0:0:
64,192,162412,1,0,0:0:0:0:
192,192,162562,1,0,0:0:0:0:
320,192,162712,1,0,0:0:0:0:
448,192,162712,1,0,0:0:0:0:
192,192,162862,1,0,0:0:0:0:
320,192,163012,1,0,0:0:0:0:
64,192,163012,1,0,0:0:0:0:
192,192,163162,1,0,0:0:0:0:
448,192,163312,1,0,0:0:0:0:
64,192,163312,1,0,0:0:0:0:
320,192,163312,1,0,0:0:0:0:
448,192,163462,1,0,0:0:0:0:
320,192,163612,1,0,0:0:0:0:
192,192,163612,1,0,0:0:0:0:
64,192,163612,1,0,0:0:0:0:
64,192,163762,1,0,0:0:0:0:
64,192,163912,128,0,163987:0:0:0:0:
192,192,163912,128,0,163987:0:0:0:0:
320,192,163912,128,0,163987:0:0:0:0:
448,192,163912,128,0,164137:0:0:0:0:
320,192,164062,128,0,164287:0:0:0:0:
192,192,164062,128,0,164137:0:0:0:0:
64,192,164062,128,0,164137:0:0:0:0:
192,192,164212,128,0,164437:0:0:0:0:
448,192,164212,128,0,164287:0:0:0:0:
64,192,164212,128,0,164287:0:0:0:0:
320,192,164362,128,0,164437:0:0:0:0:
448,192,164362,128,0,164437:0:0:0:0:
64,192,164362,128,0,164587:0:0:0:0:
192,192,164512,128,0,164737:0:0:0:0:
448,192,164512,128,0,164587:0:0:0:0:
320,192,164512,128,0,164587:0:0:0:0:
448,192,164662,128,0,164737:0:0:0:0:
64,192,164662,128,0,164737:0:0:0:0:
320,192,164662,128,0,164737:0:0:0:0:
448,192,164812,128,0,165037:0:0:0:0:
192,192,164812,128,0,164887:0:0:0:0:
64,192,164812,128,0,164887:0:0:0:0:
320,192,164812,128,0,164887:0:0:0:0:
192,192,164962,128,0,165037:0:0:0:0:
64,192,164962,128,0,165037:0:0:0:0:
320,192,164962,128,0,165187:0:0:0:0:
448,192,165112,128,0,165187:0:0:0:0:
192,192,165112,128,0,165337:0:0:0:0:
64,192,165112,128,0,165187:0:0:0:0:
64,192,165262,128,0,165487:0:0:0:0:
320,192,165262,128,0,165337:0:0:0:0:
448,192,165262,128,0,165337:0:0:0:0:
192,192,165412,128,0,165637:0:0:0:0:
320,192,165412,128,0,165487:0:0:0:0:
448,192,165412,128,0,165487:0:0:0:0:
448,192,165562,128,0,165637:0:0:0:0:
64,192,165562,128,0,165637:0:0:0:0:
320,192,165562,128,0,165637:0:0:0:0:
448,192,165712,1,0,0:0:0:0:
192,192,165712,1,0,0:0:0:0:
64,192,165712,1,0,0:0:0:0:
320,192,165712,1,0,0:0:0:0:
448,192,166012,1,0,0:0:0:0:
64,192,166012,1,0,0:0:0:0:
320,192,166012,128,0,166312:0:0:0:0:
448,192,166312,1,0,0:0:0:0:
64,192,166312,128,0,166537:0:0:0:0:
192,192,166387,128,0,166537:0:0:0:0:
320,192,166462,128,0,166537:0:0:0:0:
448,192,166537,1,0,0:0:0:0:
64,192,166612,128,0,166762:0:0:0:0:
192,192,166612,128,0,166762:0:0:0:0:
448,192,166687,128,0,166837:0:0:0:0:
320,192,166762,128,0,166912:0:0:0:0:
192,192,166837,128,0,166912:0:0:0:0:
448,192,166912,1,0,0:0:0:0:
64,192,166912,128,0,167137:0:0:0:0:
192,192,166987,128,0,167137:0:0:0:0:
320,192,167062,128,0,167137:0:0:0:0:
448,192,167137,1,0,0:0:0:0:
192,192,167212,128,0,167362:0:0:0:0:
64,192,167212,128,0,167362:0:0:0:0:
448,192,167287,128,0,167437:0:0:0:0:
320,192,167362,128,0,167512:0:0:0:0:
192,192,167437,128,0,167512:0:0:0:0:
448,192,167512,1,0,0:0:0:0:
64,192,167512,1,0,0:0:0:0:
320,192,167587,1,0,0:0:0:0:
192,192,167662,1,0,0:0:0:0:
64,192,167737,1,0,0:0:0:0:
320,192,167812,1,0,0:0:0:0:
448,192,167812,1,0,0:0:0:0:
192,192,167887,1,0,0:0:0:0:
64,192,167962,1,0,0:0:0:0:
448,192,167962,1,0,0:0:0:0:
320,192,168112,1,0,0:0:0:0:
192,192,168112,1,0,0:0:0:0:
448,192,168262,1,0,0:0:0:0:
64,192,168262,1,0,0:0:0:0:
320,192,168412,1,0,0:0:0:0:
448,192,168412,1,0,0:0:0:0:
192,192,168562,1,0,0:0:0:0:
64,192,168562,1,0,0:0:0:0:
448,192,168562,1,0,0:0:0:0:
320,192,168612,1,0,0:0:0:0:
192,192,168662,1,0,0:0:0:0:
320,192,168712,1,0,0:0:0:0:
448,192,168712,1,0,0:0:0:0:
64,192,168712,1,0,0:0:0:0:
64,192,172312,132,0,172387:0:0:0:0:
192,192,172387,128,0,172462:0:0:0:0:
64,192,172462,1,0,0:0:0:0:
320,192,172462,128,0,172537:0:0:0:0:
192,192,172537,1,0,0:0:0:0:
448,192,172537,128,0,172687:0:0:0:0:
64,192,172612,1,0,0:0:0:0:
320,192,172612,1,0,0:0:0:0:
192,192,172687,1,0,0:0:0:0:
64,192,172762,1,0,0:0:0:0:
448,192,172762,128,0,172874:0:0:0:0:
320,192,172837,128,0,172949:0:0:0:0:
192,192,172912,128,0,173024:0:0:0:0:
448,192,172912,128,0,172987:0:0:0:0:
64,192,172987,128,0,173099:0:0:0:0:
320,192,172987,128,0,173062:0:0:0:0:
192,192,173062,1,0,0:0:0:0:
448,192,173062,1,0,0:0:0:0:
320,192,173137,1,0,0:0:0:0:
64,192,173212,1,0,0:0:0:0:
448,192,173212,1,0,0:0:0:0:
192,192,173287,1,0,0:0:0:0:
448,192,173362,128,0,173437:0:0:0:0:
64,192,173362,1,0,0:0:0:0:
320,192,173399,128,0,173474:0:0:0:0:
192,192,173437,128,0,173512:0:0:0:0:
64,192,173474,128,0,173549:0:0:0:0:
448,192,173512,128,0,173587:0:0:0:0:
320,192,173549,128,0,173624:0:0:0:0:
192,192,173587,128,0,173662:0:0:0:0:
64,192,173624,128,0,173699:0:0:0:0:
448,192,173662,1,0,0:0:0:0:
320,192,173699,1,0,0:0:0:0:
192,192,173737,1,0,0:0:0:0:
64,192,173774,1,0,0:0:0:0:
320,192,173812,128,0,173887:0:0:0:0:
448,192,173812,128,0,173887:0:0:0:0:
192,192,173887,128,0,173962:0:0:0:0:
320,192,173962,128,0,174037:0:0:0:0:
192,192,174037,128,0,174112:0:0:0:0:
64,192,174112,128,0,174187:0:0:0:0:
320,192,174187,128,0,174262:0:0:0:0:
192,192,174262,128,0,174337:0:0:0:0:
448,192,174262,128,0,174337:0:0:0:0:
320,192,174337,128,0,174412:0:0:0:0:
64,192,174412,128,0,174562:0:0:0:0:
448,192,174412,128,0,174487:0:0:0:0:
192,192,174487,128,0,174637:0:0:0:0:
320,192,174562,128,0,174637:0:0:0:0:
448,192,174562,128,0,174712:0:0:0:0:
64,192,174637,128,0,174787:0:0:0:0:
192,192,174712,128,0,174862:0:0:0:0:
320,192,174712,128,0,174787:0:0:0:0:
448,192,174787,128,0,174937:0:0:0:0:
320,192,174862,128,0,174937:0:0:0:0:
64,192,174862,128,0,175012:0:0:0:0:
192,192,174937,128,0,175087:0:0:0:0:
320,192,175012,128,0,175087:0:0:0:0:
448,192,175012,128,0,175162:0:0:0:0:
64,192,175087,128,0,175237:0:0:0:0:
192,192,175162,128,0,175312:0:0:0:0:
320,192,175162,128,0,175237:0:0:0:0:
448,192,175237,128,0,175462:0:0:0:0:
320,192,175312,128,0,175387:0:0:0:0:
64,192,175312,128,0,175387:0:0:0:0:
192,192,175387,128,0,175537:0:0:0:0:
320,192,175462,128,0,175612:0:0:0:0:
64,192,175462,128,0,175537:0:0:0:0:
448,192,175537,128,0,175687:0:0:0:0:
64,192,175612,128,0,175687:0:0:0:0:
192,192,175612,128,0,175762:0:0:0:0:
320,192,175687,128,0,175837:0:0:0:0:
448,192,175762,128,0,175837:0:0:0:0:
64,192,175762,128,0,175837:0:0:0:0:
192,192,175837,128,0,176062:0:0:0:0:
320,192,175912,128,0,176062:0:0:0:0:
448,192,175912,128,0,175987:0:0:0:0:
64,192,175912,128,0,176062:0:0:0:0:
448,192,176062,128,0,176362:0:0:0:0:
192,192,176212,128,0,176362:0:0:0:0:
320,192,176212,128,0,176287:0:0:0:0:
64,192,176212,128,0,176362:0:0:0:0:
320,192,176362,128,0,176662:0:0:0:0:
192,192,176512,128,0,176587:0:0:0:0:
448,192,176512,128,0,176662:0:0:0:0:
64,192,176512,128,0,176662:0:0:0:0:
192,192,176662,128,0,176962:0:0:0:0:
64,192,176812,128,0,176887:0:0:0:0:
320,192,176812,128,0,176962:0:0:0:0:
448,192,176812,128,0,176962:0:0:0:0:
64,192,176962,128,0,177262:0:0:0:0:
192,192,177112,128,0,177187:0:0:0:0:
320,192,177112,128,0,177187:0:0:0:0:
448,192,177112,128,0,177187:0:0:0:0:
192,192,177262,128,0,177562:0:0:0:0:
320,192,177412,128,0,177487:0:0:0:0:
64,192,177412,128,0,177562:0:0:0:0:
448,192,177412,128,0,177562:0:0:0:0:
320,192,177562,128,0,177862:0:0:0:0:
192,192,177712,128,0,177862:0:0:0:0:
448,192,177712,128,0,177787:0:0:0:0:
64,192,177712,128,0,177862:0:0:0:0:
448,192,177862,1,0,0:0:0:0:
320,192,178012,1,0,0:0:0:0:
192,192,178012,1,0,0:0:0:0:
448,192,178087,1,0,0:0:0:0:
64,192,178087,1,0,0:0:0:0:
192,192,178162,1,0,0:0:0:0:
320,192,178162,1,0,0:0:0:0:
448,192,178237,1,0,0:0:0:0:
64,192,178237,1,0,0:0:0:0:
64,192,178312,128,0,178462:0:0:0:0:
192,192,178312,128,0,178387:0:0:0:0:
320,192,178312,128,0,178387:0:0:0:0:
448,192,178387,128,0,178537:0:0:0:0:
320,192,178462,128,0,178537:0:0:0:0:
192,192,178462,128,0,178537:0:0:0:0:
64,192,178537,128,0,178612:0:0:0:0:
192,192,178612,128,0,178762:0:0:0:0:
320,192,178612,128,0,178687:0:0:0:0:
448,192,178612,128,0,178687:0:0:0:0:
64,192,178687,128,0,178837:0:0:0:0:
320,192,178762,128,0,178837:0:0:0:0:
448,192,178762,128,0,178837:0:0:0:0:
192,192,178837,128,0,178912:0:0:0:0:
320,192,178912,128,0,179062:0:0:0:0:
448,192,178912,128,0,178987:0:0:0:0:
64,192,178912,128,0,178987:0:0:0:0:
192,192,178987,128,0,179137:0:0:0:0:
64,192,179062,128,0,179212:0:0:0:0:
448,192,179062,128,0,179137:0:0:0:0:
320,192,179137,128,0,179287:0:0:0:0:
192,192,179212,128,0,179287:0:0:0:0:
448,192,179212,128,0,179287:0:0:0:0:
64,192,179287,128,0,179362:0:0:0:0:
192,192,179362,128,0,179437:0:0:0:0:
320,192,179362,128,0,179437:0:0:0:0:
448,192,179362,128,0,179512:0:0:0:0:
64,192,179437,128,0,179587:0:0:0:0:
192,192,179512,128,0,179587:0:0:0:0:
320,192,179512,128,0,179662:0:0:0:0:
448,192,179587,128,0,179737:0:0:0:0:
64,192,179662,128,0,179737:0:0:0:0:
192,192,179662,128,0,179737:0:0:0:0:
320,192,179737,128,0,179812:0:0:0:0:
448,192,179812,128,0,179887:0:0:0:0:
192,192,179812,128,0,179962:0:0:0:0:
64,192,179812,128,0,179887:0:0:0:0:
320,192,179887,128,0,180037:0:0:0:0:
448,192,179962,128,0,180037:0:0:0:0:
64,192,179962,128,0,180037:0:0:0:0:
192,192,180037,128,0,180112:0:0:0:0:
64,192,180112,128,0,180374:0:0:0:0:
320,192,180112,128,0,180224:0:0:0:0:
448,192,180112,128,0,180299:0:0:0:0:
192,192,180187,128,0,180374:0:0:0:0:
320,192,180262,128,0,180374:0:0:0:0:
448,192,180337,128,0,180449:0:0:0:0:
320,192,180412,128,0,180524:0:0:0:0:
192,192,180412,128,0,180599:0:0:0:0:
64,192,180412,128,0,180674:0:0:0:0:
448,192,180487,128,0,180674:0:0:0:0:
320,192,180562,128,0,180674:0:0:0:0:
192,192,180637,128,0,180712:0:0:0:0:
320,192,180712,128,0,180787:0:0:0:0:
448,192,180712,128,0,180862:0:0:0:0:
64,192,180712,128,0,180787:0:0:0:0:
192,192,180787,128,0,180937:0:0:0:0:
320,192,180862,128,0,181012:0:0:0:0:
64,192,180862,128,0,180937:0:0:0:0:
448,192,180937,128,0,181087:0:0:0:0:
64,192,181012,128,0,181087:0:0:0:0:
192,192,181012,128,0,181087:0:0:0:0:
320,192,181087,128,0,181162:0:0:0:0:
448,192,181162,128,0,181237:0:0:0:0:
192,192,181162,128,0,181312:0:0:0:0:
64,192,181162,128,0,181237:0:0:0:0:
320,192,181237,128,0,181387:0:0:0:0:
448,192,181312,128,0,181387:0:0:0:0:
64,192,181312,128,0,181387:0:0:0:0:
192,192,181387,128,0,181462:0:0:0:0:
64,192,181462,128,0,181537:0:0:0:0:
320,192,181462,128,0,181612:0:0:0:0:
448,192,181462,128,0,181537:0:0:0:0:
192,192,181537,128,0,181687:0:0:0:0:
64,192,181612,128,0,181687:0:0:0:0:
448,192,181612,128,0,181687:0:0:0:0:
320,192,181687,128,0,181762:0:0:0:0:
448,192,181762,128,0,181837:0:0:0:0:
192,192,181762,128,0,181912:0:0:0:0:
64,192,181762,128,0,181837:0:0:0:0:
320,192,181837,128,0,181987:0:0:0:0:
448,192,181912,128,0,181987:0:0:0:0:
64,192,181912,128,0,182212:0:0:0:0:
192,192,181987,128,0,182062:0:0:0:0:
320,192,182062,128,0,182137:0:0:0:0:
448,192,182062,128,0,182137:0:0:0:0:
192,192,182137,128,0,182287:0:0:0:0:
320,192,182212,128,0,182287:0:0:0:0:
448,192,182212,128,0,182362:0:0:0:0:
64,192,182287,128,0,182512:0:0:0:0:
192,192,182362,128,0,182437:0:0:0:0:
320,192,182362,128,0,182437:0:0:0:0:
448,192,182437,128,0,182587:0:0:0:0:
320,192,182512,128,0,182587:0:0:0:0:
192,192,182512,128,0,182662:0:0:0:0:
64,192,182587,128,0,182737:0:0:0:0:
320,192,182662,128,0,182737:0:0:0:0:
448,192,182662,128,0,182737:0:0:0:0:
192,192,182737,128,0,182812:0:0:0:0:
320,192,182812,128,0,182962:0:0:0:0:
448,192,182812,128,0,182887:0:0:0:0:
64,192,182812,128,0,182887:0:0:0:0:
192,192,182887,128,0,183037:0:0:0:0:
64,192,182962,128,0,183037:0:0:0:0:
448,192,182962,128,0,183037:0:0:0:0:
320,192,183037,128,0,183112:0:0:0:0:
64,192,183112,128,0,183262:0:0:0:0:
192,192,183112,128,0,183187:0:0:0:0:
448,192,183112,128,0,183187:0:0:0:0:
320,192,183187,128,0,183337:0:0:0:0:
192,192,183262,128,0,183337:0:0:0:0:
448,192,183262,128,0,183337:0:0:0:0:
64,192,183337,128,0,183412:0:0:0:0:
192,192,183412,128,0,183487:0:0:0:0:
320,192,183412,128,0,183487:0:0:0:0:
448,192,183412,128,0,183562:0:0:0:0:
64,192,183487,128,0,183637:0:0:0:0:
192,192,183562,128,0,183712:0:0:0:0:
320,192,183562,128,0,183637:0:0:0:0:
448,192,183637,128,0,183787:0:0:0:0:
320,192,183712,128,0,183787:0:0:0:0:
64,192,183712,128,0,183787:0:0:0:0:
192,192,183787,128,0,183862:0:0:0:0:
64,192,183862,128,0,183937:0:0:0:0:
320,192,183862,128,0,183937:0:0:0:0:
448,192,183862,128,0,184012:0:0:0:0:
192,192,183937,128,0,184087:0:0:0:0:
64,192,184012,128,0,184162:0:0:0:0:
320,192,184012,128,0,184087:0:0:0:0:
448,192,184087,128,0,184237:0:0:0:0:
320,192,184162,128,0,184237:0:0:0:0:
192,192,184162,128,0,184237:0:0:0:0:
64,192,184237,128,0,184312:0:0:0:0:
192,192,184312,128,0,184387:0:0:0:0:
320,192,184312,128,0,184462:0:0:0:0:
448,192,184312,128,0,184387:0:0:0:0:
64,192,184387,128,0,184537:0:0:0:0:
192,192,184462,128,0,184537:0:0:0:0:
448,192,184462,128,0,184537:0:0:0:0:
320,192,184537,128,0,184612:0:0:0:0:
192,192,184612,128,0,184687:0:0:0:0:
448,192,184612,128,0,184687:0:0:0:0:
64,192,184612,128,0,184687:0:0:0:0:
320,192,184687,128,0,184762:0:0:0:0:
192,192,184762,128,0,184912:0:0:0:0:
448,192,184762,128,0,184837:0:0:0:0:
64,192,184762,128,0,184837:0:0:0:0:
320,192,184837,128,0,184987:0:0:0:0:
448,192,184912,128,0,184987:0:0:0:0:
64,192,184912,128,0,184987:0:0:0:0:
192,192,184987,128,0,185062:0:0:0:0:
64,192,185062,128,0,185212:0:0:0:0:
320,192,185062,128,0,185137:0:0:0:0:
448,192,185062,128,0,185137:0:0:0:0:
192,192,185137,128,0,185212:0:0:0:0:
320,192,185212,128,0,185287:0:0:0:0:
448,192,185212,128,0,185287:0:0:0:0:
192,192,185287,128,0,185362:0:0:0:0:
64,192,185287,128,0,185437:0:0:0:0:
320,192,185362,128,0,185437:0:0:0:0:
448,192,185362,128,0,185437:0:0:0:0:
192,192,185437,128,0,185512:0:0:0:0:
320,192,185512,1,0,0:0:0:0:
448,192,185512,1,0,0:0:0:0:
64,192,185512,128,0,185612:0:0:0:0:
192,192,185562,128,0,185662:0:0:0:0:
320,192,185612,128,0,185712:0:0:0:0:
448,192,185662,128,0,185762:0:0:0:0:
64,192,185712,128,0,185962:0:0:0:0:
192,192,185762,128,0,185812:0:0:0:0:
448,192,185812,128,0,185862:0:0:0:0:
320,192,185812,128,0,185862:0:0:0:0:
192,192,185862,128,0,185912:0:0:0:0:
448,192,185962,128,0,186162:0:0:0:0:
320,192,186012,128,0,186112:0:0:0:0:
192,192,186062,1,0,0:0:0:0:
64,192,186112,128,0,186212:0:0:0:0:
192,192,186162,128,0,186262:0:0:0:0:
320,192,186212,128,0,186312:0:0:0:0:
448,192,186262,128,0,186362:0:0:0:0:
64,192,186312,128,0,186562:0:0:0:0:
192,192,186362,128,0,186412:0:0:0:0:
320,192,186412,128,0,186462:0:0:0:0:
448,192,186412,128,0,186462:0:0:0:0:
192,192,186462,128,0,186512:0:0:0:0:
448,192,186562,1,0,0:0:0:0:
320,192,186612,1,0,0:0:0:0:
192,192,186662,1,0,0:0:0:0:
64,192,186712,128,0,187312:0:0:0:0:
448,192,186712,128,0,186937:0:0:0:0:
320,192,186787,128,0,186862:0:0:0:0:
192,192,186862,128,0,187087:0:0:0:0:
320,192,186937,128,0,187012:0:0:0:0:
448,192,187012,128,0,187237:0:0:0:0:
320,192,187087,128,0,187162:0:0:0:0:
192,192,187162,128,0,187312:0:0:0:0:
320,192,187237,128,0,187312:0:0:0:0:
448,192,187312,128,0,187387:0:0:0:0:
320,192,187387,128,0,187537:0:0:0:0:
448,192,187462,128,0,187537:0:0:0:0:
192,192,187462,128,0,187612:0:0:0:0:
64,192,187537,128,0,187612:0:0:0:0:
320,192,187612,128,0,187687:0:0:0:0:
448,192,187612,128,0,187687:0:0:0:0:
64,192,187687,128,0,187762:0:0:0:0:
192,192,187687,128,0,187762:0:0:0:0:
320,192,187762,128,0,187837:0:0:0:0:
448,192,187762,128,0,187837:0:0:0:0:
192,192,187837,128,0,187912:0:0:0:0:
64,192,187837,128,0,187912:0:0:0:0:
448,192,187912,128,0,188012:0:0:0:0:
320,192,187962,128,0,188062:0:0:0:0:
192,192,188012,128,0,188112:0:0:0:0:
64,192,188062,128,0,188162:0:0:0:0:
320,192,188112,128,0,188212:0:0:0:0:
448,192,188162,128,0,188212:0:0:0:0:
192,192,188212,128,0,188287:0:0:0:0:
64,192,188212,128,0,188362:0:0:0:0:
448,192,188287,128,0,188362:0:0:0:0:
320,192,188362,128,0,188437:0:0:0:0:
192,192,188362,128,0,188512:0:0:0:0:
64,192,188412,128,0,188512:0:0:0:0:
448,192,188462,128,0,188562:0:0:0:0:
320,192,188512,128,0,188612:0:0:0:0:
192,192,188562,128,0,188662:0:0:0:0:
64,192,188612,128,0,188712:0:0:0:0:
320,192,188662,128,0,188712:0:0:0:0:
448,192,188662,128,0,188762:0:0:0:0:
192,192,188712,128,0,188812:0:0:0:0:
64,192,188762,128,0,188862:0:0:0:0:
320,192,188812,128,0,188912:0:0:0:0:
448,192,188862,128,0,188962:0:0:0:0:
64,192,188912,128,0,188962:0:0:0:0:
192,192,188962,128,0,189037:0:0:0:0:
320,192,188962,128,0,189037:0:0:0:0:
448,192,189012,128,0,189112:0:0:0:0:
64,192,189062,128,0,189162:0:0:0:0:
192,192,189112,128,0,189212:0:0:0:0:
320,192,189162,128,0,189262:0:0:0:0:
448,192,189212,128,0,189312:0:0:0:0:
192,192,189262,128,0,189412:0:0:0:0:
64,192,189262,128,0,189337:0:0:0:0:
320,192,189337,128,0,189487:0:0:0:0:
448,192,189412,128,0,189487:0:0:0:0:
64,192,189412,128,0,189637:0:0:0:0:
192,192,189487,128,0,189562:0:0:0:0:
320,192,189562,128,0,189712:0:0:0:0:
448,192,189562,128,0,189637:0:0:0:0:
192,192,189637,128,0,189712:0:0:0:0:
64,192,189712,1,0,0:0:0:0:
448,192,189712,128,0,189812:0:0:0:0:
320,192,189762,128,0,189862:0:0:0:0:
192,192,189812,128,0,189862:0:0:0:0:
448,192,189862,128,0,189962:0:0:0:0:
64,192,189912,128,0,190012:0:0:0:0:
192,192,189962,128,0,190062:0:0:0:0:
320,192,190012,128,0,190112:0:0:0:0:
448,192,190062,128,0,190162:0:0:0:0:
192,192,190112,128,0,190212:0:0:0:0:
64,192,190162,128,0,190262:0:0:0:0:
448,192,190212,128,0,190312:0:0:0:0:
320,192,190262,1,0,0:0:0:0:
192,192,190312,128,0,190362:0:0:0:0:
64,192,190312,128,0,190412:0:0:0:0:
320,192,190362,128,0,190462:0:0:0:0:
448,192,190412,128,0,190512:0:0:0:0:
192,192,190462,128,0,190562:0:0:0:0:
64,192,190512,128,0,190612:0:0:0:0:
448,192,190562,128,0,190662:0:0:0:0:
320,192,190612,128,0,190687:0:0:0:0:
192,192,190612,128,0,190687:0:0:0:0:
64,192,190687,128,0,190762:0:0:0:0:
192,192,190762,128,0,190837:0:0:0:0:
320,192,190762,128,0,190837:0:0:0:0:
448,192,190812,128,0,190912:0:0:0:0:
64,192,190862,128,0,190962:0:0:0:0:
192,192,190912,128,0,191012:0:0:0:0:
320,192,190962,128,0,191062:0:0:0:0:
448,192,191012,128,0,191112:0:0:0:0:
192,192,191062,128,0,191162:0:0:0:0:
64,192,191062,128,0,191112:0:0:0:0:
320,192,191112,128,0,191212:0:0:0:0:
448,192,191162,128,0,191262:0:0:0:0:
64,192,191212,128,0,191312:0:0:0:0:
192,192,191262,128,0,191362:0:0:0:0:
448,192,191312,1,0,0:0:0:0:
320,192,191362,128,0,191512:0:0:0:0:
64,192,191362,128,0,191437:0:0:0:0:
192,192,191437,128,0,191512:0:0:0:0:
64,192,191512,128,0,191587:0:0:0:0:
448,192,191512,128,0,191612:0:0:0:0:
320,192,191562,128,0,191662:0:0:0:0:
192,192,191612,128,0,191712:0:0:0:0:
448,192,191662,128,0,191812:0:0:0:0:
64,192,191662,128,0,191762:0:0:0:0:
320,192,191737,128,0,191887:0:0:0:0:
192,192,191812,128,0,191887:0:0:0:0:
64,192,191812,128,0,191962:0:0:0:0:
448,192,191887,128,0,192037:0:0:0:0:
192,192,191962,128,0,192112:0:0:0:0:
320,192,191962,128,0,192037:0:0:0:0:
64,192,192037,128,0,192187:0:0:0:0:
320,192,192112,128,0,192337:0:0:0:0:
448,192,192112,128,0,192187:0:0:0:0:
192,192,192187,128,0,192262:0:0:0:0:
448,192,192262,128,0,192337:0:0:0:0:
64,192,192262,128,0,192412:0:0:0:0:
192,192,192337,128,0,192487:0:0:0:0:
320,192,192412,128,0,192487:0:0:0:0:
448,192,192412,128,0,192562:0:0:0:0:
64,192,192487,128,0,192637:0:0:0:0:
192,192,192562,128,0,192637:0:0:0:0:
320,192,192562,128,0,192712:0:0:0:0:
448,192,192637,128,0,192712:0:0:0:0:
192,192,192712,128,0,192862:0:0:0:0:
64,192,192712,128,0,192812:0:0:0:0:
320,192,192762,128,0,192912:0:0:0:0:
448,192,192812,128,0,192962:0:0:0:0:
64,192,192862,128,0,193112:0:0:0:0:
192,192,192912,128,0,193062:0:0:0:0:
320,192,192962,128,0,193012:0:0:0:0:
448,192,193012,128,0,193162:0:0:0:0:
320,192,193062,128,0,193212:0:0:0:0:
192,192,193112,128,0,193262:0:0:0:0:
64,192,193162,128,0,193262:0:0:0:0:
448,192,193212,128,0,193362:0:0:0:0:
320,192,193262,128,0,193312:0:0:0:0:
192,192,193312,128,0,193412:0:0:0:0:
64,192,193312,128,0,193412:0:0:0:0:
320,192,193362,128,0,193462:0:0:0:0:
448,192,193412,128,0,193462:0:0:0:0:
192,192,193462,128,0,193537:0:0:0:0:
64,192,193462,128,0,193687:0:0:0:0:
320,192,193537,128,0,193612:0:0:0:0:
192,192,193612,128,0,193762:0:0:0:0:
448,192,193612,128,0,193687:0:0:0:0:
320,192,193687,128,0,193837:0:0:0:0:
448,192,193762,128,0,193837:0:0:0:0:
64,192,193762,128,0,193837:0:0:0:0:
192,192,193837,128,0,193912:0:0:0:0:
320,192,193912,128,0,193987:0:0:0:0:
448,192,193912,128,0,194137:0:0:0:0:
64,192,193912,128,0,194062:0:0:0:0:
192,192,193987,128,0,194137:0:0:0:0:
320,192,194062,128,0,194212:0:0:0:0:
64,192,194137,128,0,194287:0:0:0:0:
192,192,194212,128,0,194287:0:0:0:0:
448,192,194212,128,0,194437:0:0:0:0:
320,192,194287,128,0,194362:0:0:0:0:
192,192,194362,128,0,194512:0:0:0:0:
64,192,194362,128,0,194437:0:0:0:0:
320,192,194437,128,0,194587:0:0:0:0:
448,192,194512,128,0,194662:0:0:0:0:
64,192,194512,128,0,194737:0:0:0:0:
192,192,194587,128,0,194812:0:0:0:0:
320,192,194662,128,0,194737:0:0:0:0:
448,192,194737,128,0,194887:0:0:0:0:
320,192,194812,128,0,194887:0:0:0:0:
64,192,194812,128,0,194962:0:0:0:0:
192,192,194887,128,0,195037:0:0:0:0:
320,192,194962,128,0,195037:0:0:0:0:
448,192,194962,128,0,195037:0:0:0:0:
64,192,195037,1,0,0:0:0:0:
192,192,195112,1,0,0:0:0:0:
320,192,195112,128,0,195162:0:0:0:0:
448,192,195112,128,0,195212:0:0:0:0:
64,192,195162,128,0,195262:0:0:0:0:
192,192,195212,128,0,195312:0:0:0:0:
320,192,195262,128,0,195362:0:0:0:0:
448,192,195312,128,0,195412:0:0:0:0:
192,192,195362,1,0,0:0:0:0:
64,192,195412,128,0,195512:0:0:0:0:
320,192,195412,128,0,195512:0:0:0:0:
448,192,195462,128,0,195562:0:0:0:0:
192,192,195512,128,0,195612:0:0:0:0:
320,192,195562,128,0,195662:0:0:0:0:
64,192,195612,1,0,0:0:0:0:
448,192,195662,128,0,195762:0:0:0:0:
320,192,195712,1,0,0:0:0:0:
192,192,195712,128,0,195812:0:0:0:0:
64,192,195762,128,0,195862:0:0:0:0:
448,192,195812,1,0,0:0:0:0:
192,192,195862,128,0,195962:0:0:0:0:
320,192,195912,128,0,196012:0:0:0:0:
448,192,195962,128,0,196062:0:0:0:0:
64,192,196012,128,0,196112:0:0:0:0:
192,192,196062,128,0,196112:0:0:0:0:
320,192,196112,128,0,196162:0:0:0:0:
192,192,196162,128,0,196237:0:0:0:0:
64,192,196162,128,0,196237:0:0:0:0:
448,192,196162,128,0,196237:0:0:0:0:
320,192,196237,128,0,196312:0:0:0:0:
192,192,196312,128,0,196462:0:0:0:0:
64,192,196312,128,0,196387:0:0:0:0:
448,192,196312,128,0,196387:0:0:0:0:
320,192,196387,128,0,196462:0:0:0:0:
448,192,196462,128,0,196537:0:0:0:0:
64,192,196462,128,0,196537:0:0:0:0:
192,192,196537,128,0,196612:0:0:0:0:
320,192,196537,128,0,196687:0:0:0:0:
448,192,196612,128,0,196687:0:0:0:0:
64,192,196612,128,0,196687:0:0:0:0:
192,192,196687,128,0,196762:0:0:0:0:
320,192,196762,128,0,196837:0:0:0:0:
448,192,196762,128,0,196837:0:0:0:0:
64,192,196762,128,0,196837:0:0:0:0:
192,192,196837,128,0,196912:0:0:0:0:
320,192,196912,1,0,0:0:0:0:
64,192,196912,1,0,0:0:0:0:
448,192,196912,128,0,197062:0:0:0:0:
192,192,196987,1,0,0:0:0:0:
320,192,197062,1,0,0:0:0:0:
64,192,197137,1,0,0:0:0:0:
192,192,197212,1,0,0:0:0:0:
448,192,197212,1,0,0:0:0:0:
320,192,197287,1,0,0:0:0:0:
64,192,197287,1,0,0:0:0:0:
192,192,197362,1,0,0:0:0:0:
448,192,197362,1,0,0:0:0:0:
320,192,197437,1,0,0:0:0:0:
64,192,197437,1,0,0:0:0:0:
192,192,197512,128,0,197587:0:0:0:0:
448,192,197512,128,0,197662:0:0:0:0:
64,192,197587,128,0,197737:0:0:0:0:
192,192,197662,128,0,197737:0:0:0:0:
320,192,197662,128,0,197812:0:0:0:0:
448,192,197737,128,0,197887:0:0:0:0:
192,192,197812,128,0,197887:0:0:0:0:
64,192,197812,128,0,197887:0:0:0:0:
320,192,197887,128,0,197962:0:0:0:0:
192,192,197962,128,0,198112:0:0:0:0:
448,192,197962,128,0,198037:0:0:0:0:
64,192,197962,128,0,198037:0:0:0:0:
320,192,198037,128,0,198112:0:0:0:0:
64,192,198112,128,0,198212:0:0:0:0:
448,192,198112,1,0,0:0:0:0:
192,192,198162,128,0,198262:0:0:0:0:
320,192,198212,128,0,198312:0:0:0:0:
448,192,198262,128,0,198362:0:0:0:0:
64,192,198312,128,0,198412:0:0:0:0:
192,192,198362,128,0,198462:0:0:0:0:
320,192,198412,128,0,198512:0:0:0:0:
448,192,198462,128,0,198512:0:0:0:0:
192,192,198512,1,0,0:0:0:0:
64,192,198562,128,0,198787:0:0:0:0:
320,192,198562,128,0,198637:0:0:0:0:
448,192,198562,128,0,198712:0:0:0:0:
192,192,198637,128,0,198787:0:0:0:0:
320,192,198712,128,0,198787:0:0:0:0:
448,192,198787,128,0,198862:0:0:0:0:
320,192,198862,128,0,198937:0:0:0:0:
192,192,198862,128,0,198937:0:0:0:0:
64,192,198862,128,0,199012:0:0:0:0:
448,192,198937,128,0,199087:0:0:0:0:
192,192,199012,128,0,199087:0:0:0:0:
320,192,199012,128,0,199087:0:0:0:0:
64,192,199087,128,0,199162:0:0:0:0:
192,192,199162,128,0,199237:0:0:0:0:
320,192,199162,128,0,199312:0:0:0:0:
448,192,199162,128,0,199237:0:0:0:0:
64,192,199237,128,0,199462:0:0:0:0:
192,192,199312,128,0,199387:0:0:0:0:
448,192,199312,128,0,199537:0:0:0:0:
320,192,199387,128,0,199612:0:0:0:0:
192,192,199462,128,0,199537:0:0:0:0:
64,192,199537,128,0,199762:0:0:0:0:
192,192,199612,128,0,199687:0:0:0:0:
448,192,199612,128,0,199837:0:0:0:0:
320,192,199687,128,0,199837:0:0:0:0:
192,192,199762,128,0,199837:0:0:0:0:
64,192,199837,128,0,199912:0:0:0:0:
192,192,199912,128,0,199987:0:0:0:0:
320,192,199912,128,0,200062:0:0:0:0:
448,192,199912,128,0,200137:0:0:0:0:
64,192,199987,128,0,200137:0:0:0:0:
192,192,200062,128,0,200137:0:0:0:0:
320,192,200137,128,0,200212:0:0:0:0:
448,192,200212,128,0,200287:0:0:0:0:
192,192,200212,128,0,200362:0:0:0:0:
64,192,200212,128,0,200287:0:0:0:0:
320,192,200287,128,0,200437:0:0:0:0:
448,192,200362,128,0,200512:0:0:0:0:
64,192,200362,128,0,200437:0:0:0:0:
192,192,200437,128,0,200587:0:0:0:0:
320,192,200512,128,0,200587:0:0:0:0:
64,192,200512,128,0,200587:0:0:0:0:
448,192,200587,128,0,200662:0:0:0:0:
192,192,200662,128,0,200737:0:0:0:0:
320,192,200662,128,0,200737:0:0:0:0:
64,192,200662,128,0,200812:0:0:0:0:
448,192,200737,128,0,200887:0:0:0:0:
192,192,200812,128,0,200887:0:0:0:0:
320,192,200812,128,0,200962:0:0:0:0:
64,192,200887,128,0,201037:0:0:0:0:
192,192,200962,128,0,201112:0:0:0:0:
448,192,200962,128,0,201037:0:0:0:0:
320,192,201037,128,0,201112:0:0:0:0:
448,192,201112,1,0,0:0:0:0:
64,192,201112,1,0,0:0:0:0:
320,192,201212,1,0,0:0:0:0:
192,192,201212,1,0,0:0:0:0:
448,192,201312,1,0,0:0:0:0:
64,192,201312,1,0,0:0:0:0:
192,192,201412,1,0,0:0:0:0:
320,192,201512,1,0,0:0:0:0:
448,192,201512,1,0,0:0:0:0:
192,192,201612,1,0,0:0:0:0:
64,192,201612,1,0,0:0:0:0:
320,192,201712,1,0,0:0:0:0:
448,192,201712,1,0,0:0:0:0:
192,192,201812,1,0,0:0:0:0:
448,192,201812,1,0,0:0:0:0:
448,192,201912,1,0,0:0:0:0:
64,192,201912,1,0,0:0:0:0:
320,192,202012,1,0,0:0:0:0:
192,192,202012,128,0,202312:0:0:0:0:
320,192,202162,128,0,202312:0:0:0:0:
448,192,202312,1,0,0:0:0:0:
64,192,202312,1,0,0:0:0:0:
320,192,202462,1,0,0:0:0:0:
448,192,202612,1,0,0:0:0:0:
192,192,202612,1,0,0:0:0:0:
64,192,202762,1,0,0:0:0:0:
192,192,202912,1,0,0:0:0:0:
320,192,202912,1,0,0:0:0:0:
448,192,202912,1,0,0:0:0:0:
64,192,202987,1,0,0:0:0:0:
320,192,203062,1,0,0:0:0:0:
192,192,203137,1,0,0:0:0:0:
320,192,203212,1,0,0:0:0:0:
448,192,203212,1,0,0:0:0:0:
64,192,203212,1,0,0:0:0:0:
448,192,203362,1,0,0:0:0:0:
192,192,203362,1,0,0:0:0:0:
320,192,203437,1,0,0:0:0:0:
192,192,203512,1,0,0:0:0:0:
64,192,203512,1,0,0:0:0:0:
448,192,203512,1,0,0:0:0:0:
64,192,203662,1,0,0:0:0:0:
192,192,203812,1,0,0:0:0:0:
320,192,203812,1,0,0:0:0:0:
448,192,203812,1,0,0:0:0:0:
320,192,203962,1,0,0:0:0:0:
192,192,203962,1,0,0:0:0:0:
64,192,203962,1,0,0:0:0:0:
64,192,204112,1,0,0:0:0:0:
320,192,204262,1,0,0:0:0:0:
192,192,204262,1,0,0:0:0:0:
448,192,204262,1,0,0:0:0:0:
320,192,204412,1,0,0:0:0:0:
192,192,204562,1,0,0:0:0:0:
448,192,204562,1,0,0:0:0:0:
320,192,204712,1,0,0:0:0:0:
448,192,204712,1,0,0:0:0:0:
64,192,204712,1,0,0:0:0:0:
192,192,204712,1,0,0:0:0:0:
320,192,204862,1,0,0:0:0:0:
192,192,205012,1,0,0:0:0:0:
64,192,205162,1,0,0:0:0:0:
192,192,205162,1,0,0:0:0:0:
448,192,205162,1,0,0:0:0:0:
320,192,205162,1,0,0:0:0:0:
64,192,205312,1,0,0:0:0:0:
192,192,205462,1,0,0:0:0:0:
448,192,205612,1,0,0:0:0:0:
64,192,205612,1,0,0:0:0:0:
320,192,205687,1,0,0:0:0:0:
64,192,205762,128,0,206212:0:0:0:0:
192,192,205762,128,0,206137:0:0:0:0:
448,192,205762,128,0,206062:0:0:0:0:
448,192,206212,1,0,0:0:0:0:
320,192,206362,1,0,0:0:0:0:
192,192,206512,1,0,0:0:0:0:
64,192,206662,1,0,0:0:0:0:
192,192,206812,1,0,0:0:0:0:
320,192,206962,1,0,0:0:0:0:
448,192,207112,1,0,0:0:0:0:
192,192,207112,1,0,0:0:0:0:
64,192,207112,1,0,0:0:0:0:
320,192,207187,1,0,0:0:0:0:
192,192,207262,1,0,0:0:0:0:
448,192,207337,1,0,0:0:0:0:
320,192,207412,1,0,0:0:0:0:
64,192,207412,1,0,0:0:0:0:
192,192,207487,1,0,0:0:0:0:
64,192,207562,1,0,0:0:0:0:
320,192,207637,1,0,0:0:0:0:
448,192,207712,1,0,0:0:0:0:
192,192,207712,1,0,0:0:0:0:
320,192,207787,1,0,0:0:0:0:
64,192,207862,1,0,0:0:0:0:
192,192,207937,1,0,0:0:0:0:
320,192,208012,1,0,0:0:0:0:
448,192,208012,1,0,0:0:0:0:
192,192,208087,1,0,0:0:0:0:
320,192,208162,1,0,0:0:0:0:
448,192,208162,1,0,0:0:0:0:
64,192,208237,1,0,0:0:0:0:
192,192,208312,1,0,0:0:0:0:
320,192,208387,1,0,0:0:0:0:
192,192,208462,1,0,0:0:0:0:
320,192,208537,1,0,0:0:0:0:
448,192,208612,1,0,0:0:0:0:
64,192,208612,1,0,0:0:0:0:
192,192,208687,1,0,0:0:0:0:
320,192,208762,1,0,0:0:0:0:
448,192,208837,1,0,0:0:0:0:
320,192,208912,1,0,0:0:0:0:
64,192,208912,1,0,0:0:0:0:
192,192,208987,1,0,0:0:0:0:
64,192,209062,1,0,0:0:0:0:
320,192,209137,1,0,0:0:0:0:
448,192,209212,1,0,0:0:0:0:
192,192,209212,1,0,0:0:0:0:
64,192,209212,1,0,0:0:0:0:
320,192,209287,1,0,0:0:0:0:
448,192,209362,1,0,0:0:0:0:
192,192,209437,1,0,0:0:0:0:
320,192,209512,1,0,0:0:0:0:
64,192,209512,1,0,0:0:0:0:
448,192,209587,1,0,0:0:0:0:
192,192,209662,1,0,0:0:0:0:
320,192,209737,1,0,0:0:0:0:
448,192,209812,1,0,0:0:0:0:
64,192,209812,1,0,0:0:0:0:
192,192,209887,1,0,0:0:0:0:
320,192,209962,1,0,0:0:0:0:
192,192,210037,1,0,0:0:0:0:
448,192,210112,1,0,0:0:0:0:
64,192,210112,1,0,0:0:0:0:
320,192,210187,1,0,0:0:0:0:
192,192,210262,1,0,0:0:0:0:
64,192,210262,1,0,0:0:0:0:
320,192,210337,1,0,0:0:0:0:
448,192,210412,1,0,0:0:0:0:
192,192,210412,1,0,0:0:0:0:
64,192,210412,1,0,0:0:0:0:
320,192,210487,1,0,0:0:0:0:
448,192,210562,1,0,0:0:0:0:
192,192,210637,1,0,0:0:0:0:
320,192,210712,128,0,210787:0:0:0:0:
448,192,210712,128,0,210787:0:0:0:0:
192,192,210712,128,0,210937:0:0:0:0:
64,192,210712,128,0,210937:0:0:0:0:
320,192,210862,128,0,210937:0:0:0:0:
448,192,210862,128,0,210937:0:0:0:0:
192,192,211012,128,0,211087:0:0:0:0:
64,192,211012,128,0,211087:0:0:0:0:
448,192,211012,128,0,211237:0:0:0:0:
320,192,211012,128,0,211237:0:0:0:0:
64,192,211162,128,0,211237:0:0:0:0:
192,192,211162,128,0,211237:0:0:0:0:
192,192,211312,128,0,211537:0:0:0:0:
320,192,211312,128,0,211537:0:0:0:0:
448,192,211312,128,0,211387:0:0:0:0:
64,192,211312,128,0,211387:0:0:0:0:
64,192,211462,128,0,211537:0:0:0:0:
448,192,211462,128,0,211537:0:0:0:0:
64,192,211612,128,0,211837:0:0:0:0:
192,192,211612,128,0,211687:0:0:0:0:
320,192,211612,128,0,211687:0:0:0:0:
448,192,211612,128,0,211837:0:0:0:0:
192,192,211762,128,0,211837:0:0:0:0:
320,192,211762,128,0,211837:0:0:0:0:
448,192,211912,1,0,0:0:0:0:
64,192,211912,1,0,0:0:0:0:
320,192,211987,1,0,0:0:0:0:
192,192,212062,1,0,0:0:0:0:
320,192,212137,1,0,0:0:0:0:
448,192,212212,1,0,0:0:0:0:
64,192,212212,1,0,0:0:0:0:
192,192,212287,1,0,0:0:0:0:
320,192,212362,1,0,0:0:0:0:
192,192,212437,1,0,0:0:0:0:
320,192,212512,1,0,0:0:0:0:
448,192,212512,1,0,0:0:0:0:
192,192,212587,1,0,0:0:0:0:
320,192,212662,1,0,0:0:0:0:
64,192,212662,1,0,0:0:0:0:
448,192,212737,1,0,0:0:0:0:
192,192,212812,1,0,0:0:0:0:
320,192,212887,1,0,0:0:0:0:
64,192,212962,1,0,0:0:0:0:
448,192,212962,1,0,0:0:0:0:
192,192,212962,1,0,0:0:0:0:
320,192,213037,1,0,0:0:0:0:
448,192,213112,1,0,0:0:0:0:
192,192,213112,1,0,0:0:0:0:
64,192,213112,1,0,0:0:0:0:
320,192,213187,1,0,0:0:0:0:
192,192,213262,1,0,0:0:0:0:
448,192,213337,1,0,0:0:0:0:
320,192,213412,1,0,0:0:0:0:
64,192,213412,1,0,0:0:0:0:
192,192,213487,1,0,0:0:0:0:
320,192,213562,1,0,0:0:0:0:
448,192,213637,1,0,0:0:0:0:
64,192,213712,1,0,0:0:0:0:
192,192,213712,1,0,0:0:0:0:
320,192,213787,1,0,0:0:0:0:
448,192,213862,1,0,0:0:0:0:
192,192,213937,1,0,0:0:0:0:
320,192,214012,1,0,0:0:0:0:
64,192,214012,1,0,0:0:0:0:
448,192,214087,1,0,0:0:0:0:
192,192,214162,1,0,0:0:0:0:
320,192,214237,1,0,0:0:0:0:
192,192,214312,1,0,0:0:0:0:
64,192,214312,1,0,0:0:0:0:
320,192,214387,1,0,0:0:0:0:
448,192,214462,1,0,0:0:0:0:
192,192,214537,1,0,0:0:0:0:
320,192,214612,1,0,0:0:0:0:
448,192,214612,1,0,0:0:0:0:
192,192,214687,1,0,0:0:0:0:
64,192,214687,1,0,0:0:0:0:
320,192,214762,1,0,0:0:0:0:
448,192,214762,1,0,0:0:0:0:
64,192,214837,1,0,0:0:0:0:
320,192,214912,1,0,0:0:0:0:
448,192,214912,1,0,0:0:0:0:
192,192,214987,1,0,0:0:0:0:
64,192,214987,1,0,0:0:0:0:
320,192,215062,1,0,0:0:0:0:
448,192,215062,1,0,0:0:0:0:
64,192,215137,1,0,0:0:0:0:
192,192,215212,1,0,0:0:0:0:
320,192,215212,1,0,0:0:0:0:
448,192,215287,1,0,0:0:0:0:
64,192,215287,1,0,0:0:0:0:
320,192,215362,1,0,0:0:0:0:
192,192,215362,1,0,0:0:0:0:
448,192,215437,1,0,0:0:0:0:
448,192,215512,128,0,215737:0:0:0:0:
320,192,215512,128,0,215587:0:0:0:0:
192,192,215512,128,0,215587:0:0:0:0:
64,192,215512,128,0,215587:0:0:0:0:
64,192,215662,128,0,215737:0:0:0:0:
192,192,215662,128,0,215737:0:0:0:0:
320,192,215662,128,0,215737:0:0:0:0:
64,192,215812,128,0,216037:0:0:0:0:
192,192,215812,128,0,215887:0:0:0:0:
320,192,215812,128,0,215887:0:0:0:0:
448,192,215812,128,0,215887:0:0:0:0:
192,192,215962,128,0,216037:0:0:0:0:
320,192,215962,128,0,216037:0:0:0:0:
448,192,215962,128,0,216037:0:0:0:0:
192,192,216112,128,0,216337:0:0:0:0:
320,192,216112,128,0,216187:0:0:0:0:
448,192,216112,128,0,216187:0:0:0:0:
64,192,216112,128,0,216187:0:0:0:0:
64,192,216262,128,0,216337:0:0:0:0:
448,192,216262,128,0,216337:0:0:0:0:
320,192,216262,128,0,216337:0:0:0:0:
448,192,216412,1,0,0:0:0:0:
320,192,216412,128,0,216637:0:0:0:0:
192,192,216412,1,0,0:0:0:0:
64,192,216487,1,0,0:0:0:0:
192,192,216562,1,0,0:0:0:0:
448,192,216562,1,0,0:0:0:0:
64,192,216637,1,0,0:0:0:0:
320,192,216712,1,0,0:0:0:0:
448,192,216712,1,0,0:0:0:0:
192,192,216712,1,0,0:0:0:0:
64,192,216787,1,0,0:0:0:0:
192,192,216862,1,0,0:0:0:0:
320,192,216937,1,0,0:0:0:0:
448,192,217012,1,0,0:0:0:0:
64,192,217012,1,0,0:0:0:0:
192,192,217012,1,0,0:0:0:0:
320,192,217087,1,0,0:0:0:0:
192,192,217162,1,0,0:0:0:0:
64,192,217237,1,0,0:0:0:0:
320,192,217312,1,0,0:0:0:0:
448,192,217312,1,0,0:0:0:0:
192,192,217387,1,0,0:0:0:0:
64,192,217462,1,0,0:0:0:0:
320,192,217462,1,0,0:0:0:0:
192,192,217537,1,0,0:0:0:0:
448,192,217612,1,0,0:0:0:0:
320,192,217687,1,0,0:0:0:0:
192,192,217762,1,0,0:0:0:0:
448,192,217762,1,0,0:0:0:0:
64,192,217837,1,0,0:0:0:0:
320,192,217912,1,0,0:0:0:0:
192,192,217987,1,0,0:0:0:0:
448,192,218062,1,0,0:0:0:0:
64,192,218137,1,0,0:0:0:0:
192,192,218212,1,0,0:0:0:0:
320,192,218212,1,0,0:0:0:0:
448,192,218287,1,0,0:0:0:0:
320,192,218362,1,0,0:0:0:0:
192,192,218437,1,0,0:0:0:0:
448,192,218512,1,0,0:0:0:0:
64,192,218512,1,0,0:0:0:0:
320,192,218587,1,0,0:0:0:0:
192,192,218662,1,0,0:0:0:0:
448,192,218737,1,0,0:0:0:0:
64,192,218812,1,0,0:0:0:0:
320,192,218812,1,0,0:0:0:0:
192,192,218887,1,0,0:0:0:0:
320,192,218962,1,0,0:0:0:0:
448,192,218962,1,0,0:0:0:0:
192,192,219037,1,0,0:0:0:0:
320,192,219112,1,0,0:0:0:0:
64,192,219187,1,0,0:0:0:0:
192,192,219262,1,0,0:0:0:0:
448,192,219337,1,0,0:0:0:0:
320,192,219412,1,0,0:0:0:0:
64,192,219412,1,0,0:0:0:0:
192,192,219487,1,0,0:0:0:0:
448,192,219562,1,0,0:0:0:0:
320,192,219637,1,0,0:0:0:0:
192,192,219712,1,0,0:0:0:0:
64,192,219712,1,0,0:0:0:0:
320,192,219787,1,0,0:0:0:0:
448,192,219862,1,0,0:0:0:0:
192,192,219937,1,0,0:0:0:0:
320,192,220012,1,0,0:0:0:0:
64,192,220012,1,0,0:0:0:0:
448,192,220087,1,0,0:0:0:0:
192,192,220162,1,0,0:0:0:0:
64,192,220162,1,0,0:0:0:0:
320,192,220237,1,0,0:0:0:0:
192,192,220312,128,0,220537:0:0:0:0:
448,192,220312,128,0,220537:0:0:0:0:
320,192,220312,128,0,220387:0:0:0:0:
64,192,220312,128,0,220387:0:0:0:0:
64,192,220462,128,0,220537:0:0:0:0:
320,192,220462,128,0,220537:0:0:0:0:
64,192,220612,128,0,220837:0:0:0:0:
320,192,220612,128,0,220837:0:0:0:0:
192,192,220612,128,0,220687:0:0:0:0:
448,192,220612,128,0,220687:0:0:0:0:
192,192,220762,128,0,220837:0:0:0:0:
448,192,220762,128,0,220837:0:0:0:0:
192,192,220912,128,0,221137:0:0:0:0:
320,192,220912,128,0,221137:0:0:0:0:
448,192,220912,128,0,220987:0:0:0:0:
64,192,220912,128,0,220987:0:0:0:0:
64,192,221062,128,0,221137:0:0:0:0:
448,192,221062,128,0,221137:0:0:0:0:
448,192,221212,128,0,221437:0:0:0:0:
192,192,221212,128,0,221287:0:0:0:0:
320,192,221212,128,0,221287:0:0:0:0:
64,192,221212,128,0,221437:0:0:0:0:
192,192,221362,128,0,221437:0:0:0:0:
320,192,221362,128,0,221437:0:0:0:0:
448,192,221512,1,0,0:0:0:0:
64,192,221512,1,0,0:0:0:0:
320,192,221587,1,0,0:0:0:0:
192,192,221662,1,0,0:0:0:0:
64,192,221737,1,0,0:0:0:0:
320,192,221812,1,0,0:0:0:0:
192,192,221812,1,0,0:0:0:0:
448,192,221812,1,0,0:0:0:0:
448,192,221962,1,0,0:0:0:0:
320,192,222112,1,0,0:0:0:0:
192,192,222112,1,0,0:0:0:0:
64,192,222112,1,0,0:0:0:0:
192,192,222262,1,0,0:0:0:0:
320,192,222412,1,0,0:0:0:0:
448,192,222412,1,0,0:0:0:0:
64,192,222412,1,0,0:0:0:0:
320,192,222562,1,0,0:0:0:0:
192,192,222562,1,0,0:0:0:0:
320,192,222637,1,0,0:0:0:0:
192,192,222712,1,0,0:0:0:0:
64,192,222712,1,0,0:0:0:0:
448,192,222712,1,0,0:0:0:0:
64,192,222862,1,0,0:0:0:0:
192,192,223012,1,0,0:0:0:0:
320,192,223012,1,0,0:0:0:0:
448,192,223012,1,0,0:0:0:0:
448,192,223162,1,0,0:0:0:0:
320,192,223312,1,0,0:0:0:0:
192,192,223312,1,0,0:0:0:0:
64,192,223312,1,0,0:0:0:0:
64,192,223462,1,0,0:0:0:0:
192,192,223612,1,0,0:0:0:0:
320,192,223612,1,0,0:0:0:0:
448,192,223612,128,0,223912:0:0:0:0:
320,192,223912,1,0,0:0:0:0:
64,192,223912,1,0,0:0:0:0:
192,192,223912,1,0,0:0:0:0:
64,192,224062,1,0,0:0:0:0:
320,192,224212,1,0,0:0:0:0:
192,192,224212,1,0,0:0:0:0:
64,192,224212,1,0,0:0:0:0:
448,192,224212,1,0,0:0:0:0:
192,192,224362,1,0,0:0:0:0:
320,192,224512,1,0,0:0:0:0:
192,192,224512,1,0,0:0:0:0:
64,192,224512,1,0,0:0:0:0:
448,192,224512,1,0,0:0:0:0:
320,192,224662,1,0,0:0:0:0:
448,192,224812,1,0,0:0:0:0:
320,192,224812,1,0,0:0:0:0:
192,192,224812,1,0,0:0:0:0:
64,192,224812,1,0,0:0:0:0:
448,192,224962,1,0,0:0:0:0:
320,192,224962,1,0,0:0:0:0:
64,192,224962,1,0,0:0:0:0:
192,192,224962,1,0,0:0:0:0:
448,192,225112,1,0,0:0:0:0:
320,192,225112,1,0,0:0:0:0:
64,192,225112,1,0,0:0:0:0:
192,192,225112,1,0,0:0:0:0:
448,192,225262,1,0,0:0:0:0:
448,192,225412,1,0,0:0:0:0:
320,192,225412,1,0,0:0:0:0:
192,192,225412,1,0,0:0:0:0:
64,192,225412,1,0,0:0:0:0:
320,192,225562,1,0,0:0:0:0:
320,192,225712,1,0,0:0:0:0:
192,192,225712,1,0,0:0:0:0:
64,192,225712,1,0,0:0:0:0:
448,192,225712,1,0,0:0:0:0:
192,192,225862,1,0,0:0:0:0:
320,192,225862,1,0,0:0:0:0:
448,192,225862,1,0,0:0:0:0:
64,192,226012,1,0,0:0:0:0:
320,192,226012,1,0,0:0:0:0:
448,192,226012,1,0,0:0:0:0:
448,192,226162,128,0,228337:0:0:0:0:
320,192,226162,128,0,226537:0:0:0:0:
192,192,226162,128,0,227137:0:0:0:0:
64,192,226162,128,0,227737:0:0:0:0:
320,192,226612,128,0,228337:0:0:0:0:
192,192,227212,128,0,228337:0:0:0:0:
64,192,227812,128,0,228412:0:0:0:0:
192,192,228412,1,0,0:0:0:0:
448,192,228412,1,0,0:0:0:0:
320,192,228412,1,0,0:0:0:0:
64,192,228562,128,0,235912:0:0:0:0:
192,192,228562,128,0,235912:0:0:0:0:
320,192,228562,128,0,235912:0:0:0:0:
448,192,228562,128,0,235912:0:0:0:0:
